PAcode,PD.current,PD.future,PD_dis,Type,Latitude,Year,Area,Area_1,HP,HP_1,range,range_1,altitude,altitude_1,forest_current,forest_future,forest_dis
692,1213.35,1027.2,-186.15,Negative,53.31,2006,137600,11.83,2.49,0.91,511,6.24,567.27,6.34,0.68,0.48,-0.2
689,1117,171.48,-945.53,Negative,53,2005,88850,11.39,2.49,0.91,310,5.74,351.29,5.86,0.93,0.15,-0.78
690,1206.35,857.2,-349.15,Negative,52.9,2006,68400,11.13,4.45,1.49,566,6.34,646.28,6.47,0.68,0.85,0.17
1119,1193.13,336.61,-856.53,Negative,52.13,1982,60000,11,3.96,1.38,405,6,318.68,5.76,0.77,0.02,-0.75
195,1193.13,601.59,-591.54,Negative,52.36,2006,55074,10.92,5.17,1.64,591,6.38,504.76,6.22,0.91,0.41,-0.5
641,1471.77,1199.74,-272.03,Negative,52.27,1998,124527,11.73,2.14,0.76,870,6.77,665.58,6.5,0.85,0.98,0.13
693,1226.21,463.44,-762.77,Negative,51.63,2005,105580,11.57,2.61,0.96,378,5.93,436.13,6.08,0.78,0.08,-0.7
1007,1463.54,1282.27,-181.27,Negative,51.62,1979,107348,11.58,2,0.69,687,6.53,999.35,6.91,0.69,0.94,0.25
800,1530.87,1289.05,-241.81,Negative,51.66,1984,167213,12.03,1.18,0.17,666,6.5,949.635,6.86,0.81,0.97,0.16
1008,1308.58,463.44,-845.14,Negative,51.33,1999,229523,12.34,2.04,0.71,637,6.46,508.855,6.23,0.51,0.04,-0.47
758,1509.31,1252.05,-257.26,Negative,51.73,2003,102600,11.54,2.05,0.72,681,6.52,780.91,6.66,0.88,0.92,0.04
691,1142.66,336.43,-806.23,Negative,50.62,2006,129000,11.77,2.17,0.77,331,5.8,451.02,6.11,0.31,0.02,-0.29
802,796.88,2912.89,2116,Positive,48.85,1980,250000,12.43,8.58,2.15,2712,7.91,2269.28,7.73,0.02,0,-0.02
13,1418.28,492.64,-925.64,Negative,50.23,1997,126000,11.74,6.25,1.83,361,5.89,669.98,6.51,0.04,0,-0.04
801,336.61,0,-336.61,Negative,49.32,1982,45000,10.71,8.12,2.09,244,5.5,185.81,5.22,0.09,0,-0.09
393,164.47,0,-164.47,Stable,48.22,1999,32000,10.37,6.58,1.88,11,2.4,40.5,3.7,0.13,0,-0.13
480,718.01,590.08,-127.93,Stable,48.69,1999,43800,10.69,7.86,2.06,300,5.7,391.74,5.97,0.9,0.42,-0.48
1009,171.48,269.84,98.36,Stable,47.77,1994,198100,12.2,5.71,1.74,19,2.94,45.38,3.82,0.1,0,-0.1
1124,718.01,459.34,-258.67,Negative,48.38,2006,211600,12.26,3.07,1.12,245,5.5,442.66,6.09,0.56,0.27,-0.29
339,912.41,822.61,-89.8,Stable,47.85,2005,99040,11.5,10.64,2.36,2252,7.72,1488.31,7.31,0,0,0
675,1055.65,230.12,-825.52,Negative,49.2,2001,44700,10.71,12.44,2.52,157,5.06,653.91,6.48,0.03,0,-0.03
804,686.34,147.08,-539.26,Negative,48.67,1980,100800,11.52,8.87,2.18,253,5.53,328.49,5.79,0.15,0,-0.15
204,844.27,590.08,-254.19,Negative,48.23,2004,112000,11.63,10.13,2.32,445,6.1,394.96,5.98,0.94,0.47,-0.47
805,164.47,0,-164.47,Stable,47.75,1988,21835,9.99,5.54,1.71,7,1.95,52.2,3.96,0.07,0,-0.07
572,138.7,0,-138.7,Stable,47.69,2001,39700,10.59,6.62,1.89,8,2.08,52.13,3.95,0.04,0,-0.04
1156,1110.93,1426.48,315.55,Positive,47.37,2001,1130000,13.94,5.95,1.78,2445,7.8,2534.94,7.84,0.02,0,-0.02
733,844.27,459.34,-384.93,Negative,48.17,2005,60700,11.01,7.17,1.97,250,5.52,439.26,6.09,0.9,0.64,-0.26
482,939.73,686.41,-253.32,Negative,47.74,1986,56700,10.95,7.64,2.03,1493,7.31,1378.95,7.23,0,0,0
803,807.37,1083.46,276.09,Positive,48.67,1986,740000,13.51,4.1,1.41,322,5.77,564.46,6.34,0,0,0
160,201.67,138.7,-62.97,Stable,48.28,2006,36500,10.51,11.11,2.41,109,4.69,294.52,5.69,0.01,0,-0.01
695,844.27,325.5,-518.77,Negative,48.04,2004,67000,11.11,8.41,2.13,205,5.32,328.29,5.79,0.84,0.24,-0.6
652,164.47,138.7,-25.77,Stable,47.22,1998,160600,11.99,7.04,1.95,261,5.56,58.62,4.07,0.03,0,-0.03
1135,949.52,518.55,-430.97,Negative,48.54,1997,346800,12.76,6.89,1.93,174,5.16,680.62,6.52,0,0,0
673,1386.64,772.24,-614.41,Negative,48.62,1998,125564,11.74,4.2,1.44,482,6.18,895.345,6.8,0.06,0,-0.06
202,844.27,459.34,-384.93,Negative,47.73,2009,78864,11.28,14.37,2.67,659,6.49,342.76,5.84,0.71,0.37,-0.34
163,147.28,0,-147.28,Stable,47.25,2008,26336,10.18,16.34,2.79,35,3.56,59.92,4.09,0,0,0
189,171.48,156.79,-14.68,Stable,46.8,2004,72604,11.19,8.01,2.08,712,6.57,126.27,4.84,0.39,0.1,-0.29
207,138.7,0,-138.7,Stable,47.88,2007,61385,11.02,17.78,2.88,93,4.53,210.01,5.35,0,0,0
168,194.36,138.7,-55.66,Stable,47.33,2007,55490,10.92,20.14,3,228,5.43,155.21,5.04,0.07,0,-0.07
164,278.14,0,-278.14,Negative,47.82,2006,55423,10.92,18.88,2.94,27,3.3,165.14,5.11,0.02,0,-0.02
158,0,0,0,Stable,47.6,2011,19460,9.88,19.32,2.96,101,4.62,262.79,5.57,0,0,0
174,194.53,138.7,-55.83,Stable,47.02,2004,26200,10.17,11.78,2.47,40,3.69,70.58,4.26,0,0,0
192,175.9,0,-175.9,Negative,47.25,2007,50025,10.82,19.36,2.96,101,4.62,202.315,5.31,0,0,0
806,976.56,585.6,-390.96,Negative,47.18,1980,12133,9.4,9.16,2.21,721,6.58,439.74,6.09,0.98,0.78,-0.2
809,342.52,0,-342.52,Negative,46.6,1990,23000,10.04,7.96,2.07,679,6.52,341.19,5.83,0.75,0.41,-0.34
364,171.48,410.87,239.39,Stable,46.28,1980,270000,12.51,7.39,2,492,6.2,109.195,4.69,0.06,0,-0.06
1010,771.93,436.28,-335.64,Negative,47.13,1987,210000,12.25,12.86,2.55,15,2.71,142.01,4.96,0.02,0,-0.02
188,184.48,0,-184.48,Negative,46.88,2008,21229,9.96,14.18,2.65,50,3.91,178.26,5.18,0.01,0,-0.01
159,171.48,157.16,-14.32,Stable,46.32,2004,19244,9.86,12.74,2.54,292,5.68,137.33,4.92,0.03,0,-0.03
694,171.48,157.16,-14.32,Stable,46.08,2005,31516,10.36,6.29,1.84,424,6.05,243.82,5.5,0.45,0.19,-0.26
495,138.7,0,-138.7,Stable,44.88,2000,31400,10.35,10.38,2.34,1128,7.03,1302.52,7.17,0,0,0
496,138.7,403.68,264.98,Positive,44.85,2000,267100,12.5,5.33,1.67,531,6.27,215.22,5.37,0,0,0
264,1014.92,712.14,-302.78,Negative,47.18,1997,38567,10.56,8.23,2.11,536,6.28,1184.28,7.08,0.07,0.07,0
1081,138.7,519.26,380.56,Positive,44.72,1983,54700,10.91,6.78,1.91,331,5.8,303.62,5.72,0,0,0
820,269.84,393.12,123.28,Stable,44.1,1983,35000,10.46,13.84,2.63,430,6.06,673.05,6.51,0,0,0
811,688.77,556.46,-132.31,Stable,44.9,1982,1733000,14.37,3.17,1.15,1080,6.98,701.08,6.55,0,0,0
754,1201.97,332.39,-869.58,Negative,46.68,2003,75700,11.23,12.18,2.5,617,6.42,672.05,6.51,0.08,0.01,-0.07
812,171.48,391.5,220.02,Stable,45.26,1986,222488,12.31,11.21,2.42,53,3.97,68.375,4.23,0.01,0.01,0
1186,1131.43,871.1,-260.33,Negative,46.34,2001,58515,10.98,12.99,2.56,445,6.1,403.51,6,0,0,0
379,495.99,351.15,-144.84,Stable,46.31,1998,94800,11.46,10.15,2.32,108,4.68,157.185,5.06,0,0,0
208,138.7,138.7,0,Stable,46.07,2003,36700,10.51,19.07,2.95,53,3.97,147.2,4.99,0,0,0
810,361.35,489.2,127.85,Stable,45.9,1981,144000,11.88,11.94,2.48,37,3.61,131.94,4.88,0,0,0
1145,297.74,295.89,-1.85,Stable,45.08,1989,26570,10.19,7.61,2.03,605,6.41,319.91,5.77,0.5,0.22,-0.28
1137,854.57,605.15,-249.42,Negative,45.8,2004,612650,13.33,6.31,1.84,398,5.99,930.18,6.84,0,0,0
209,278.14,138.7,-139.44,Stable,45.52,2008,57870,10.97,14.97,2.71,45,3.81,129.45,4.86,0,0,0
190,175.9,0,-175.9,Negative,45.37,2009,17179,9.75,22.07,3.09,26,3.26,173.02,5.15,0,0,0
1011,827.12,138.7,-688.42,Negative,43.39,1983,31217,10.35,8.49,2.14,1733,7.46,1624.27,7.39,0.17,0,-0.17
1118,630.5,473.23,-157.27,Stable,45.65,1995,47200,10.76,6.6,1.89,162,5.09,863.605,6.76,0,0,0
757,1008.58,476.59,-531.99,Negative,45.58,1997,31442,10.36,14.35,2.66,280,5.63,443.05,6.09,0,0,0
1180,315.41,354.06,38.65,Stable,45.28,1986,63600,11.06,11.41,2.43,34,3.53,129.26,4.86,0,0,0
224,138.7,0,-138.7,Stable,44.98,2009,61010,11.02,18.4,2.91,117,4.76,180.455,5.2,0,0,0
456,689.26,392.89,-296.37,Negative,44.6,1997,190000,12.15,8.49,2.14,823,6.71,466.355,6.14,0.44,0.27,-0.17
180,171.48,138.7,-32.78,Stable,44.58,2011,71278,11.17,17.18,2.84,438,6.08,358.18,5.88,0.06,0.02,-0.04
755,781.07,633.81,-147.25,Stable,45.47,2001,61600,11.03,11.5,2.44,340,5.83,500.63,6.22,0,0,0
442,777.65,647.19,-130.46,Stable,43.24,1986,65300,11.09,4.09,1.41,2669,7.89,2622.34,7.87,0.17,0.01,-0.16
441,736.99,403.68,-333.31,Negative,43.97,1980,38100,10.55,9.76,2.28,2600,7.86,1497.65,7.31,0.08,0.01,-0.07
670,861.1,789.95,-71.15,Stable,45.22,1996,91300,11.42,9.45,2.25,590,6.38,994.75,6.9,0.08,0,-0.08
813,627.94,820.49,192.55,Stable,45,1981,105467,11.57,10.18,2.32,41,3.71,165.62,5.11,0,0,0
184,164.47,138.7,-25.77,Stable,44.35,2006,20834,9.94,12.36,2.51,289,5.67,304.53,5.72,0,0,0
1127,536.22,499.93,-36.29,Stable,44.07,2006,35648,10.48,5.72,1.74,528,6.27,663.58,6.5,0.88,0.77,-0.11
162,157.16,407.13,249.97,Stable,44.07,2007,18000,9.8,10.71,2.37,677,6.52,254.9,5.54,0.07,0.17,0.1
827,534.19,662.57,128.38,Stable,42.12,1980,237637,12.38,4.01,1.39,4123,8.32,4078.84,8.31,0,0,0
1082,401.48,692.62,291.13,Positive,42.8,1980,1.00E+05,11.51,6.19,1.82,1572,7.36,2699.88,7.9,0,0,0
440,519.26,519.26,0,Stable,44.09,1986,38600,10.56,10.9,2.39,184,5.21,818.91,6.71,0,0,0
267,781.07,364.66,-416.4,Negative,45.05,1999,38882,10.57,11.88,2.47,443,6.09,274.65,5.62,0,0,0
814,643.76,748.65,104.89,Stable,44.88,1985,126990,11.75,9.67,2.27,45,3.81,198.295,5.29,0,0,0
232,322.66,496.55,173.88,Stable,44.82,2002,62190,11.04,11.6,2.45,22,3.09,146.34,4.99,0,0,0
819,552.51,392.89,-159.62,Stable,44.01,1980,126000,11.74,6.95,1.94,627,6.44,442.3,6.09,0.49,0.27,-0.22
680,988.77,714.89,-273.88,Negative,45,1997,106284,11.57,7.37,2,466,6.14,1126.58,7.03,0.01,0,-0.01
816,471.75,281.5,-190.26,Negative,44.69,1986,23800,10.08,10.03,2.31,34,3.53,145.22,4.98,0,0,0
231,138.7,0,-138.7,Stable,44.43,2004,24915,10.12,19.6,2.98,73,4.29,195.08,5.27,0,0,0
570,801.21,402.94,-398.27,Negative,44.01,2000,23500,10.06,6.99,1.94,911,6.81,718.42,6.58,0.55,0.94,0.39
674,720.73,647.22,-73.51,Stable,44.67,1998,98900,11.5,7.82,2.06,244,5.5,1088.18,6.99,0.06,0,-0.06
676,640.7,413.73,-226.97,Negative,44.49,2000,52823,10.87,10.41,2.34,400,5.99,535.04,6.28,0,0,0
21,411.35,266.63,-144.72,Stable,43.73,1991,53940,10.9,8.47,2.14,696,6.55,539.85,6.29,0.74,0.56,-0.18
817,720.73,518.37,-202.35,Negative,44.18,1985,1078600,13.89,9.63,2.26,534,6.28,1059.77,6.97,0,0,0
786,647.22,909.63,262.41,Positive,44.38,1998,136800,11.83,12.12,2.49,778,6.66,785.67,6.67,0,0,0
269,285.46,413.39,127.93,Stable,44.13,2001,33823,10.43,13.02,2.57,24,3.18,145.4,4.98,0,0,0
233,411.35,363.62,-47.73,Stable,43.32,2002,42756,10.66,11.82,2.47,537,6.29,355.32,5.87,0.94,0.18,-0.76
1148,402.94,1890.96,1488.02,Positive,42.93,2001,108700,11.6,8.36,2.12,969,6.88,173.08,5.15,0,0.16,0.16
383,686.64,543.98,-142.66,Stable,44.22,1997,100400,11.52,10.32,2.33,978,6.89,1168.205,7.06,0,0.01,0.01
682,647.22,332.56,-314.66,Negative,43.98,1997,120000,11.7,12.83,2.55,631,6.45,583.365,6.37,0,0,0
1122,534.08,652.97,118.89,Stable,42.96,1990,115253,11.65,7.7,2.04,587,6.38,445.64,6.1,0.93,0.32,-0.61
380,536.22,402.94,-133.28,Stable,42.98,1996,77300,11.26,8.98,2.19,814,6.7,491.8,6.2,0.49,0.39,-0.1
263,466.5,342.09,-124.41,Stable,44.02,2007,191164,12.16,8,2.08,326,5.79,1220.09,7.11,0,0,0
1080,702.56,696.13,-6.43,Stable,40.45,1986,7800000,15.87,1.25,0.22,4692,8.45,1266.01,7.14,0,0,0
338,0,395.23,395.23,Positive,39.15,2005,125600,11.74,12.26,2.51,1046,6.95,1341.41,7.2,0,0,0
830,138.7,138.7,0,Stable,41.17,1983,395420,12.89,2.9,1.06,41,3.71,916.88,6.82,0,0,0
646,576.06,450.67,-125.39,Stable,43.7,1996,32000,10.37,12.42,2.52,68,4.22,940.5,6.85,0,0,0
823,714.14,518.37,-195.76,Negative,43.27,1987,119413,11.69,7.01,1.95,180,5.19,1267.705,7.14,0.01,0,-0.01
787,724.19,624.66,-99.53,Stable,43.33,2000,45438,10.72,8.65,2.16,790,6.67,1416.56,7.26,0,0,0
268,555.66,269.84,-285.82,Negative,42.95,2001,23471,10.06,15.13,2.72,51,3.93,253.39,5.53,0,0,0
826,658.95,2799.78,2140.83,Positive,41.96,1960,196475,12.19,5.13,1.64,1853,7.52,1177.58,7.07,0,0.98,0.98
825,396.1,1212.14,816.04,Positive,42.36,1991,15061,9.62,7.64,2.03,776,6.65,659.17,6.49,0.79,0.55,-0.24
229,264.96,531.61,266.65,Positive,42.28,1991,22230,10.01,13.18,2.58,654,6.48,459.57,6.13,0.93,0.12,-0.81
258,175.9,0,-175.9,Negative,42.3,2007,51205,10.84,21.47,3.07,256,5.55,85.35,4.45,0.49,0,-0.49
22,545.35,745.9,200.55,Stable,41.94,1990,530000,13.18,12.41,2.52,1230,7.11,192.265,5.26,0.58,0.01,-0.57
273,580.62,647.26,66.64,Stable,42.75,2001,30595,10.33,10.69,2.37,76,4.33,1102.55,7.01,0,0,0
738,724.19,453.31,-270.87,Negative,42.57,1998,30089,10.31,10.19,2.32,261,5.56,1499.23,7.31,0.06,0,-0.06
671,724.19,453.31,-270.87,Negative,42.41,1998,42500,10.66,10.49,2.35,214,5.37,1387.1,7.23,0.21,0,-0.21
378,606.66,138.7,-467.96,Negative,42.06,1996,86800,11.37,15.09,2.71,617,6.42,655.075,6.48,0,0,0
1131,585.28,457.35,-127.93,Stable,40.79,1987,8.00E+05,13.59,2.54,0.93,2083,7.64,1750.51,7.47,0,0,0
792,694.11,0,-694.11,Negative,41.89,1998,52700,10.87,0.04,-3.22,215,5.37,1577.05,7.36,0,0,0
489,720.73,568.59,-152.13,Stable,42.27,2002,32620,10.39,13,2.56,358,5.88,1468.86,7.29,0.02,0,-0.02
1013,513.35,266.63,-246.72,Negative,42.11,1985,68000,11.13,2.63,0.97,149,5,900.645,6.8,0,0,0
488,662.2,397.77,-264.44,Negative,41.94,2002,50600,10.83,14.13,2.65,671,6.51,1154.755,7.05,0.07,0,-0.07
831,621.02,1408.99,787.97,Positive,41.31,1981,19183,9.86,8.32,2.12,909,6.81,639.24,6.46,0.81,0.48,-0.33
850,266.63,1320.59,1053.96,Positive,36.63,1984,1500000,14.22,1.8,0.59,5141,8.55,4717.265,8.46,0,0,0
487,653.41,505.83,-147.58,Stable,41.66,2002,40038,10.6,12.03,2.49,804,6.69,1049.28,6.96,0.5,0.01,-0.49
1014,510.93,389.83,-121.1,Stable,41.47,1996,27638,10.23,11.64,2.45,979,6.89,1195.38,7.09,0,0.35,0.35
832,138.7,0,-138.7,Stable,41.06,1985,80000,11.29,18.9,2.94,13,2.56,3.715,1.31,0,0,0
1158,385.42,399.79,14.37,Stable,40.09,1992,660000,13.4,2.85,1.05,1459,7.29,1048.76,6.96,0,0,0
80,568.72,254.28,-314.44,Negative,40.51,2002,324200,12.69,3.67,1.3,485,6.18,1282.675,7.16,0,0,0
683,307.04,307.04,0,Stable,41.5,2001,49650,10.81,8.86,2.18,164,5.1,1578,7.36,0,0,0
563,624.03,370.71,-253.32,Negative,41.08,2003,83160,11.33,8.16,2.1,810,6.7,1394.37,7.24,0,0,0
1138,568.66,453.77,-114.88,Stable,40.87,1996,388577,12.87,13.11,2.57,1226,7.11,1581.155,7.37,0,0,0
146,643.7,263.57,-380.13,Negative,40.93,2007,17680,9.78,15.48,2.74,604,6.4,639.42,6.46,0.28,0.03,-0.25
147,443.72,138.7,-305.02,Negative,41,2003,45225,10.72,14.15,2.65,565,6.34,641.39,6.46,0.01,0.02,0.01
568,138.7,138.7,0,Stable,40.82,2001,17440,9.77,15.49,2.74,823,6.71,364.87,5.9,0.02,0.05,0.03
1125,385.42,138.7,-246.72,Negative,39.85,1994,88178,11.39,4.9,1.59,657,6.49,1330.65,7.19,0,0,0
79,440.79,0,-440.79,Negative,40.13,2001,39840,10.59,8.64,2.16,366,5.9,1171.935,7.07,0,0,0
1189,694.11,513.35,-180.76,Negative,40.56,1999,717060,13.48,0.02,-3.91,459,6.13,1313.98,7.18,0,0,0
1183,443.26,397.77,-45.5,Stable,40.98,1993,29300,10.29,8.17,2.1,41,3.71,1021.8,6.93,0,0.05,0.05
710,449.64,138.7,-310.94,Negative,40.74,2001,69912,11.15,13.61,2.61,665,6.5,527.92,6.27,0,0.01,0.01
1147,735.87,568.72,-167.15,Stable,40.72,1995,123600,11.72,5.73,1.75,901,6.8,1407.77,7.25,0,0,0
701,315.34,269.84,-45.5,Stable,40.84,1996,36800,10.51,15.87,2.76,425,6.05,1342.48,7.2,0,0,0
1159,568.72,702.56,133.84,Stable,39.47,1982,396000,12.89,1.31,0.27,4182,8.34,2564.21,7.85,0,0,0
1153,568.72,440.79,-127.93,Stable,39.57,2001,480000,13.08,1.11,0.1,3549,8.17,2948.27,7.99,0,0,0
540,585.28,269.84,-315.44,Negative,39.91,1996,68250,11.13,5.58,1.72,1774,7.48,2020.905,7.61,0,0,0
524,593.38,269.84,-323.54,Negative,39.89,2002,152900,11.94,4.9,1.59,2916,7.98,1975.47,7.59,0,0,0
523,710.67,397.77,-312.9,Negative,40.12,2002,163400,12,7.13,1.96,227,5.42,1233.93,7.12,0,0,0
672,568.66,175.9,-392.76,Negative,40.7,2000,22700,10.03,19.76,2.98,882,6.78,1209.07,7.1,0,0,0
150,652.97,374.39,-278.58,Negative,40.43,2007,16088,9.69,16.14,2.78,1055,6.96,737.57,6.6,0.23,0.1,-0.13
1084,309.65,254.28,-55.37,Stable,39.46,1982,9640,9.17,2.54,0.93,2768,7.93,2522.085,7.83,0,0,0
1152,385.42,513.35,127.93,Stable,39.13,1982,1360000,14.12,0.37,-0.99,3297,8.1,3887.205,8.27,0,0,0
1157,269.84,702.15,432.31,Positive,37.36,2001,3200000,14.98,0,#NUM!,5224,8.56,4099.045,8.32,0,0,0
1188,824.06,698.67,-125.39,Stable,39.7,1997,489011,13.1,0,#NUM!,509,6.23,1298.605,7.17,0,0,0
1132,739.61,461.44,-278.17,Negative,39.7,1986,474500,13.07,5.11,1.63,1091,6.99,1417.7,7.26,0,0,0
753,498.64,274.92,-223.71,Negative,40.12,2003,85750,11.36,5.38,1.68,180,5.19,1237.615,7.12,0,0,0
535,408.08,278.14,-129.95,Stable,39.89,2002,69600,11.15,21.43,3.06,595,6.39,1027.77,6.94,0.02,0,-0.02
837,431.54,389.83,-41.7,Stable,39.95,1983,21833,9.99,9.54,2.26,1922,7.56,1636.16,7.4,0.44,0.22,-0.22
791,832.36,568.72,-263.64,Negative,39.64,1999,90570,11.41,2.5,0.92,292,5.68,1290.355,7.16,0,0,0
1005,269.84,521.39,251.55,Stable,36.68,1983,4500000,15.32,0,#NUM!,3117,8.04,4866.565,8.49,0,0,0
1088,839.49,521.65,-317.85,Negative,39.04,1992,67710,11.12,4.71,1.55,2365,7.77,1448.23,7.28,0,0,0
562,591.38,406.06,-185.32,Negative,39.24,2003,144800,11.88,4.91,1.59,303,5.71,1364.195,7.22,0,0,0
534,138.7,263.57,124.87,Stable,39.37,2002,27426,10.22,13.18,2.58,1211,7.1,1703.84,7.44,0.01,0,-0.01
841,832.36,706.97,-125.39,Stable,38.77,1982,389900,12.87,5.74,1.75,367,5.91,1388.81,7.24,0,0,0
840,646.84,0,-646.84,Negative,38.93,1982,157800,11.97,11.45,2.44,2261,7.72,1909.67,7.55,0,0,0
1139,449.64,138.7,-310.94,Negative,39.2,2002,134700,11.81,12.22,2.5,952,6.86,1079.475,6.98,0.08,0,-0.08
265,591.38,406.06,-185.32,Negative,39.03,2003,38000,10.55,6.26,1.83,230,5.44,1414.85,7.25,0,0,0
300,278.14,0,-278.14,Negative,39.02,2005,18642,9.83,19.45,2.97,405,6,998.15,6.91,0,0,0
138,138.7,0,-138.7,Stable,38.92,2002,31200,10.35,22,3.09,10,2.3,8.44,2.13,0,0.04,0.04
703,0,0,0,Stable,38.78,1999,34887,10.46,27.73,3.32,8,2.08,2.83,1.04,0,0.09,0.09
1006,277.88,405.81,127.93,Stable,34.13,1993,29800000,17.21,0,#NUM!,2247,7.72,5045.07,8.53,0,0,0
647,591.38,274.92,-316.46,Negative,38.84,1998,46410,10.75,5.36,1.68,201,5.3,1264.82,7.14,0,0,0
1155,397.77,519.57,121.8,Stable,37.9,2005,934700,13.75,8.5,2.14,2424,7.79,3722.12,8.22,0.02,0,-0.02
844,266.63,495.08,228.45,Stable,38.04,1987,230000,12.35,7.32,1.99,2823,7.95,3364.95,8.12,0,0,0
82,440.79,0,-440.79,Negative,38.5,2005,51070,10.84,15.94,2.77,1227,7.11,1736.48,7.46,0,0,0
1190,706.97,536.01,-170.95,Negative,38.31,2003,1006450,13.82,1,0,282,5.64,1365.9,7.22,0,0,0
843,138.7,292.84,154.14,Stable,38.68,1980,21453,9.97,11.33,2.43,1397,7.24,1942.29,7.57,0,0.02,0.02
677,463.46,408.08,-55.37,Stable,38.51,2000,31250,10.35,8.33,2.12,140,4.94,1286.35,7.16,0,0,0
537,138.7,0,-138.7,Stable,38.45,2002,39800,10.59,21.94,3.09,374,5.92,843.57,6.74,0.07,0,-0.07
845,536.01,432.18,-103.83,Stable,38.14,1985,74800,11.22,16.44,2.8,351,5.86,1186.29,7.08,0,0,0
266,463.46,147,-316.46,Negative,38.18,2003,83246,11.33,7.13,1.96,259,5.56,1344.23,7.2,0,0,0
141,0,0,0,Stable,38.13,2005,16800,9.73,17.34,2.85,8,2.08,5.61,1.72,0,0,0
751,0,138.7,138.7,Stable,38.1,2002,19500,9.88,14.37,2.67,41,3.71,1123.12,7.02,0,0,0
555,384.13,402.27,18.14,Stable,38.15,2002,24900,10.12,11.26,2.42,872,6.77,1425.33,7.26,0.02,0,-0.02
297,275.79,801.09,525.31,Positive,37.92,1996,173100,12.06,22.71,3.12,296,5.69,87.26,4.47,0,0,0
1178,254.28,254.28,0,Stable,37.31,2000,373400,12.83,3.22,1.17,1786,7.49,3133.085,8.05,0,0,0
1177,254.28,138.7,-115.58,Stable,37.14,2000,41100,10.62,3.45,1.24,92,4.52,2818.34,7.94,0,0.01,0.01
278,278.14,278.14,0,Stable,37.78,1998,84000,11.34,8.27,2.11,360,5.89,1437.85,7.27,0,0,0
847,263.57,277.4,13.83,Stable,37.85,1980,10466,9.26,11.48,2.44,1356,7.21,1957.97,7.58,0.03,0.06,0.03
1062,0,0,0,Stable,35.39,1995,4500000,15.32,0,#NUM!,2438,7.8,4895.7,8.5,0,0,0
852,146.21,405.28,259.07,Positive,36.92,1975,495200,13.11,4.81,1.57,1322,7.19,3218.18,8.08,0.01,0,-0.01
530,138.7,0,-138.7,Stable,37.64,2002,15300,9.64,21.08,3.05,533,6.28,921.83,6.83,0.02,0,-0.02
715,526.71,543.33,16.62,Stable,37.26,1999,17900,9.79,18.16,2.9,292,5.68,147.59,4.99,0.01,0,-0.01
279,300.83,719.62,418.79,Positive,37.02,2005,198300,12.2,16.69,2.81,1938,7.57,2885.7,7.97,0.25,0,-0.25
853,385.42,0,-385.42,Negative,37.12,1980,10875,9.29,10.08,2.31,1231,7.12,2629.09,7.87,0,0,0
539,664.29,1306.43,642.14,Positive,37.33,2002,35352,10.47,14.18,2.65,721,6.58,1485.09,7.3,0.03,0.26,0.23
280,254.28,269.84,15.56,Stable,36.3,2005,118000,11.68,3.76,1.32,1388,7.24,3414.6,8.14,0,0,0
1149,269.84,1033.34,763.5,Positive,36.68,2001,47930,10.78,13.67,2.62,1610,7.38,2501.06,7.82,0,0,0
538,768.86,1170.12,401.26,Positive,36.95,2002,39047,10.57,12.14,2.5,1310,7.18,1139.84,7.04,0.02,0.2,0.18
553,589.06,1281.32,692.26,Positive,36.67,2002,32700,10.4,12.26,2.51,1115,7.02,1341.63,7.2,0,0.31,0.31
149,0,0,0,Stable,36.7,2006,21600,9.98,29.58,3.39,295,5.69,243.83,5.5,0,0,0
1134,1068.03,1093.49,25.46,Stable,33.98,2000,15230000,16.54,3.26,1.18,3690,8.21,4565.41,8.43,0,0,0
855,138.7,1325.76,1187.06,Positive,36.55,1993,14350,9.57,12.28,2.51,771,6.65,1415.8,7.26,0.36,0.15,-0.21
856,607.36,2129.76,1522.39,Positive,36.2,2000,44855,10.71,27.62,3.32,928,6.83,170.38,5.14,0,0.02,0.02
308,0,638.48,638.48,Positive,36.28,2009,20317,9.92,13.52,2.6,430,6.06,1154.47,7.05,0.05,0.02,-0.03
857,529.6,275.79,-253.81,Negative,36.03,1999,18000,9.8,15.72,2.75,857,6.75,258.54,5.56,0,0.03,0.03
859,277.35,1596.51,1319.16,Positive,35.73,1980,17290,9.76,13.62,2.61,2575,7.85,2784.985,7.93,0.01,0,-0.01
1133,269.84,1322.66,1052.82,Positive,35.8,1986,333000,12.72,16.42,2.8,2023,7.61,2291.84,7.74,0,0,0
81,228.5,1095.18,866.68,Positive,35.82,2005,242106,12.4,15.47,2.74,560,6.33,1255.06,7.13,0.26,0,-0.26
8,620,2031.16,1411.16,Positive,35.94,2001,81753,11.31,8.19,2.1,821,6.71,1312.93,7.18,0,0.15,0.15
84,138.7,1087.92,949.22,Positive,35.6,2005,84700,11.35,15.81,2.76,722,6.58,2098.775,7.65,0,0,0
858,612.44,1962.73,1350.29,Positive,35.62,1982,67800,11.12,15.35,2.73,1097,7,2210.67,7.7,0,0.02,0.02
494,495.13,2322.03,1826.91,Positive,35.89,1999,40621,10.61,10.34,2.34,538,6.29,1424.525,7.26,0.03,0.29,0.26
1089,266.63,2131.81,1865.18,Positive,35.51,1982,16283,9.7,14.44,2.67,914,6.82,1842.315,7.52,0,0.02,0.02
1185,411.72,4483.05,4071.33,Positive,31.35,2000,560000,13.24,2.24,0.81,2428,7.79,4786.135,8.47,0,0,0
559,402.27,1949.7,1547.43,Positive,35.5,2004,35563,10.48,12.39,2.52,674,6.51,1337.9,7.2,0,0.25,0.25
309,492.07,267.64,-224.43,Negative,35.48,2003,60439,11.01,18.2,2.9,961,6.87,659.785,6.49,0,0.01,0.01
543,263.57,267.64,4.07,Stable,35.55,2002,23100,10.05,17.77,2.88,1092,7,821.05,6.71,0,0.12,0.12
549,795.43,841.13,45.71,Stable,35.38,2002,93800,11.45,15.28,2.73,905,6.81,821.23,6.71,0,0.04,0.04
748,0,0,0,Stable,35.55,1990,40000,10.6,21.24,3.06,665,6.5,114.44,4.74,0,0,0
319,275.83,267.64,-8.19,Stable,35.4,2004,25871,10.16,13.54,2.61,581,6.36,1230.98,7.12,0,0.01,0.01
861,1846.66,4046.15,2199.49,Positive,35.39,1983,24800,10.12,11.49,2.44,1765,7.48,1160.985,7.06,0.16,0.47,0.31
862,0,0,0,Stable,34.85,1994,127500,11.76,15.65,2.75,40,3.69,33.13,3.5,0,0.09,0.09
335,138.7,0,-138.7,Stable,32.3,2008,41173,10.63,1.19,0.17,778,6.66,4604.67,8.43,0,0,0
1018,397.77,2996.44,2598.68,Positive,35.04,1982,12551,9.44,12.13,2.5,1754,7.47,2809.96,7.94,0.09,0.01,-0.08
749,0,0,0,Stable,35.2,1996,57348,10.96,15.27,2.73,423,6.05,525.79,6.26,0,0,0
1017,309.53,267.64,-41.89,Stable,35.19,1982,56600,10.94,21.58,3.07,881,6.78,364.23,5.9,0,0.03,0.03
1123,2378.09,5140.58,2762.49,Positive,34.8,2001,6559,8.79,11.83,2.47,1654,7.41,1813.29,7.5,0.27,0.51,0.24
544,1799.32,1273.47,-525.85,Negative,35.04,2002,23900,10.08,10.5,2.35,1054,6.96,1010.95,6.92,0.2,0.43,0.23
156,0,0,0,Stable,35,1988,22780,10.03,21.99,3.09,16,2.77,72.34,4.28,0,0,0
1126,1082.89,3506.9,2424.01,Positive,34.41,2005,287759,12.57,8.76,2.17,2024,7.61,3318.275,8.11,0.06,0.02,-0.04
384,420.62,138.7,-281.92,Negative,34.83,1995,68000,11.13,19.14,2.95,610,6.41,606.44,6.41,0,0,0
1120,590.74,400.37,-190.36,Negative,33.48,1983,453300,13.02,18.27,2.91,14,2.64,1.02,0.02,0,0.03,0.03
1063,760.21,1391.84,631.63,Positive,34.3,1982,247431,12.42,11.34,2.43,1244,7.13,3613.64,8.19,0.45,0,-0.45
525,442.78,3827.48,3384.7,Positive,34.41,2002,64000,11.07,15.94,2.77,990,6.9,2624.275,7.87,0.17,0,-0.17
1065,409.06,138.7,-270.36,Negative,33.62,1997,669800,13.41,6.96,1.94,1100,7,4560.76,8.43,0,0,0
85,0,785.36,785.36,Positive,34,2005,27416,10.22,11.61,2.45,882,6.78,3658.44,8.2,0.12,0,-0.12
866,901.03,3030.47,2129.44,Positive,34.07,1965,20000,9.9,8.54,2.14,1753,7.47,3172.89,8.06,0.4,0.06,-0.34
78,1311.55,3303.67,1992.12,Positive,34.08,2004,55275,10.92,8.13,2.1,2212,7.7,3154.815,8.06,0.43,0.09,-0.34
77,2172.94,5497.87,3324.92,Positive,33.98,2004,135536,11.82,8.15,2.1,2625,7.87,2882.82,7.97,0.33,0.2,-0.13
1174,411.72,2464.59,2052.87,Positive,30.69,2008,97499,11.49,1.74,0.55,2042,7.62,4631.55,8.44,0,0.01,0.01
1064,988.92,2844.05,1855.13,Positive,33.68,1995,375000,12.83,11.05,2.4,1094,7,3516.52,8.17,0.08,0,-0.08
1019,1291.36,2381.31,1089.96,Positive,33.72,1994,166571,12.02,10.85,2.38,301,5.71,3453.44,8.15,0.6,0,-0.6
1029,269.84,138.7,-131.14,Stable,31.42,1993,2032380,14.52,2.21,0.79,1824,7.51,4691.03,8.45,0,0,0
89,2274.98,5246.37,2971.39,Positive,33.78,2005,114361,11.65,11.74,2.46,2875,7.96,2457.16,7.81,0.06,0.3,0.24
556,4038.91,4451.62,412.72,Positive,33.93,2003,17500,9.77,12.87,2.55,1144,7.04,1363.43,7.22,0.9,0.35,-0.55
868,3063.43,6939.33,3875.9,Positive,33.96,1965,56325,10.94,5.22,1.65,2241,7.71,2405.995,7.79,0.81,0.97,0.16
1171,5322.82,5040.65,-282.17,Negative,33.83,1982,184350,12.12,12.83,2.55,1059,6.97,1009.725,6.92,0.69,0.42,-0.27
76,3695.2,2351.83,-1343.37,Negative,33.73,2005,52441,10.87,15.37,2.73,888,6.79,1289.12,7.16,0.76,0.02,-0.74
872,3808.51,4886.35,1077.83,Positive,33.67,1982,31937,10.37,11.86,2.47,1722,7.45,1324.475,7.19,0.85,0.37,-0.48
1071,3726.63,5729.73,2003.1,Positive,33.72,2002,13800,9.53,7.06,1.95,1458,7.28,1639.35,7.4,0.96,0.96,0
1072,3671.74,5861.52,2189.78,Positive,33.74,2004,13492,9.51,6.24,1.83,1606,7.38,1612.89,7.39,0.92,0.99,0.07
1075,2968.14,7261.89,4293.75,Positive,33.79,2006,21865,9.99,7.3,1.99,1513,7.32,2157.63,7.68,0.99,0.99,0
870,3991.33,6917.98,2926.65,Positive,33.79,1988,56393,10.94,5.63,1.73,1614,7.39,1888.825,7.54,0.85,1,0.15
871,5746.65,5643.06,-103.59,Stable,33.75,1982,56024,10.93,10,2.3,1388,7.24,1205.635,7.09,0.5,0.74,0.24
1121,261.27,138.7,-122.57,Stable,33.35,1986,78000,11.26,17.48,2.86,4,1.39,0.77,-0.26,0,0,0
1066,546.59,263.57,-283.02,Negative,32.74,1995,155400,11.95,7.65,2.03,1903,7.55,4525.69,8.42,0.02,0,-0.02
322,3108.64,5779.85,2671.2,Positive,33.27,2009,147844,11.9,7.11,1.96,2804,7.94,2524.64,7.83,0.13,0.54,0.41
529,2991.64,4952.62,1960.99,Positive,33.43,2002,74944,11.22,15.28,2.73,1706,7.44,1800.65,7.5,0.27,0.03,-0.24
1021,5123.93,6054.73,930.8,Positive,33.62,1995,29906,10.31,6.77,1.91,1747,7.47,1523.65,7.33,0.92,0.96,0.04
1077,5223.78,5637.71,413.93,Positive,33.64,2002,25500,10.15,5.44,1.69,1622,7.39,1493.51,7.31,0.67,0.88,0.21
1069,4828.72,6258.03,1429.31,Positive,33.52,2006,15578,9.65,7.25,1.98,1643,7.4,1596.5,7.38,0.57,0.93,0.36
316,5233.95,3288.76,-1945.18,Negative,33.53,2004,21685,9.98,13.3,2.59,1011,6.92,1021.93,6.93,0.4,0.36,-0.04
1,138.7,0,-138.7,Stable,33.19,2004,54000,10.9,14.66,2.69,30,3.4,11.74,2.46,0.06,0.02,-0.04
1176,269.84,0,-269.84,Negative,31.11,2010,94041,11.45,1.42,0.35,1007,6.91,4790.9,8.47,0,0,0
1022,866.16,1707.29,841.13,Positive,32.81,2001,365870,12.81,10.7,2.37,1890,7.54,3929.065,8.28,0.05,0,-0.05
876,2130.26,5515.92,3385.67,Positive,33.13,1978,72000,11.18,6.66,1.9,2825,7.95,3459.41,8.15,0.33,0.56,0.23
0,3545.6,5913.92,2368.31,Positive,33.23,2006,91712,11.43,9.33,2.23,2625,7.87,2457.01,7.81,0.18,0.45,0.27
313,4430.43,1371.76,-3058.67,Negative,33.33,2006,56000,10.93,14.81,2.7,926,6.83,991.31,6.9,0.86,0.1,-0.76
874,4726.34,2923.88,-1802.46,Negative,33.4,1983,17549,9.77,9.91,2.29,1213,7.1,996.33,6.9,0.7,0.51,-0.19
1169,5201.91,1793.19,-3408.72,Negative,33.19,1998,78015,11.26,14.01,2.64,1121,7.02,548.92,6.31,0.23,0.14,-0.09
65,403.68,0,-403.68,Negative,32.9,2006,21000,9.95,12.32,2.51,45,3.81,21.06,3.05,0.02,0.02,0
880,1786.24,3110.3,1324.05,Positive,32.94,1963,32297,10.38,6.03,1.8,2085,7.64,3832.4,8.25,0.31,0.23,-0.08
881,2414.48,5151.13,2736.64,Positive,32.77,1983,55051,10.92,6.03,1.8,3267,8.09,3519.665,8.17,0.59,0.45,-0.14
879,5232.6,6503.93,1271.33,Positive,32.8,1963,213750,12.27,8.21,2.11,3289,8.1,1689.2,7.43,0.66,0.39,-0.27
326,397.93,496.14,98.21,Stable,32.42,2002,82834,11.32,11.42,2.44,1208,7.1,3919.94,8.27,0.35,0,-0.35
622,1936.16,0,-1936.16,Negative,32.8,2001,64027,11.07,15.23,2.72,330,5.8,198.995,5.29,0,0.01,0.01
1154,3307.58,6209.48,2901.9,Positive,32.43,1993,63615,11.06,5.42,1.69,3345,8.12,2952.44,7.99,0.67,0.85,0.18
1024,4619.55,6013.16,1393.61,Positive,32.65,1993,28227,10.25,5.14,1.64,2770,7.93,2141.2,7.67,0.64,0.95,0.31
726,4084.08,397.77,-3686.31,Negative,32.59,2001,30760,10.33,10.07,2.31,1513,7.32,1075.98,6.98,0.56,0.14,-0.42
882,5949.97,7675.87,1725.91,Positive,32.64,1991,40155,10.6,9.31,2.23,1591,7.37,1570.24,7.36,0.88,0.9,0.02
1173,138.7,268.65,129.95,Stable,30.6,2001,1099800,13.91,4.95,1.6,2679,7.89,4897.325,8.5,0,0,0
1026,1858.94,3454.72,1595.78,Positive,32.26,2001,62300,11.04,6.99,1.94,2424,7.79,4016.91,8.3,0.53,0.24,-0.29
1025,4882.21,6240.1,1357.89,Positive,32.3,1993,76710,11.25,5.74,1.75,3460,8.15,2907.03,7.97,0.61,0.73,0.12
438,6620.19,6373.48,-246.71,Negative,32.4,1986,63000,11.05,8.49,2.14,1529,7.33,1151.95,7.05,0.56,0.9,0.34
210,779.28,0,-779.28,Negative,32.55,2003,45103,10.72,20.62,3.03,314,5.75,163.43,5.1,0,0,0
892,269.84,434.92,165.08,Stable,31.41,1993,63700,11.06,7.23,1.98,1000,6.91,4640.425,8.44,0.12,0,-0.12
236,138.7,0,-138.7,Stable,31.82,2002,21491,9.98,26.68,3.28,27,3.3,2.64,0.97,0,0,0
437,5105.16,6201.53,1096.37,Positive,32.08,1994,44400,10.7,5.37,1.68,2471,7.81,2030.37,7.62,0.51,0.97,0.46
1028,10094.5,10473.58,379.09,Positive,31.89,1979,136017,11.82,8.44,2.13,2036,7.62,1693.095,7.43,0.77,0.95,0.18
211,6555.59,4128.47,-2427.12,Negative,32.07,2004,36892,10.52,12.03,2.49,1242,7.12,787.835,6.67,0.55,0.47,-0.08
799,791.14,6388.75,5597.62,Positive,28.59,1988,3400000,15.04,4.07,1.4,6287,8.75,4935.94,8.5,0,0,0
336,399.79,138.7,-261.09,Negative,30.65,2008,89541,11.4,4.98,1.61,1492,7.31,5019.79,8.52,0.08,0,-0.08
1030,4385.87,5488.25,1102.39,Positive,31.88,1985,19550,9.88,6.35,1.85,2129,7.66,2532.89,7.84,0.55,0.82,0.27
328,5333.58,398.78,-4934.8,Negative,31.92,2001,27900,10.24,14.14,2.65,867,6.77,693.56,6.54,0.91,0.41,-0.5
486,9128.41,9860.91,732.5,Positive,32.03,2001,28103,10.24,6.45,1.86,1963,7.58,1828.5,7.51,0.38,0.98,0.6
1032,1266.98,1098.53,-168.46,Negative,31.3,1998,141474,11.86,9.16,2.21,2339,7.76,4165.23,8.33,0.47,0.02,-0.45
1031,5696.31,7162.05,1465.74,Positive,31.55,1999,63700,11.06,9.45,2.25,4106,8.32,2161.79,7.68,0,0.76,0.76
720,9233.57,9946.11,712.54,Positive,31.75,1987,47200,10.76,7.01,1.95,1723,7.45,1174.2,7.07,0.79,0.93,0.14
155,7308.38,2867.7,-4440.69,Negative,31.64,2004,109930,11.61,12.26,2.51,859,6.76,246.015,5.51,0.48,0.27,-0.21
630,400.47,743.54,343.07,Positive,31.04,1995,140600,11.85,6.35,1.85,1797,7.49,4168.51,8.34,0.07,0.01,-0.06
895,777.46,1298.47,521.01,Positive,31.16,1987,22300,10.01,9.8,2.28,1616,7.39,4119.98,8.32,0.15,0.04,-0.11
1160,3558.72,5740.2,2181.48,Positive,31.42,1995,160732,11.99,5.34,1.68,3700,8.22,3643.13,8.2,0.65,0.69,0.04
325,4543.8,138.7,-4405.1,Negative,31.57,2003,12162,9.41,14.72,2.69,540,6.29,508.9,6.23,0.7,0.08,-0.62
628,6530.4,404.73,-6125.67,Negative,31.65,1996,48200,10.78,13.02,2.57,854,6.75,729.77,6.59,0.76,0.48,-0.28
719,9639.33,10312.39,673.06,Positive,31.62,1988,30500,10.33,8.13,2.1,1832,7.51,1519.82,7.33,0.88,0.94,0.06
1045,269.84,1900.46,1630.62,Positive,29.36,1993,614350,13.33,9.79,2.28,1860,7.53,4317.46,8.37,0,0,0
1067,523.16,1286.97,763.81,Positive,30.84,1995,143683,11.88,7.63,2.03,2267,7.73,4494.645,8.41,0.11,0,-0.11
894,6595.27,7710.73,1115.46,Positive,30.92,1963,2.00E+05,12.21,6.46,1.87,4396,8.39,3609.47,8.19,0.79,0.68,-0.11
1034,5030.4,7100.96,2070.56,Positive,31.3,2000,55678,10.93,5.85,1.77,4160,8.33,2879.45,7.97,0.54,0.74,0.2
893,5622.82,6396.35,773.52,Positive,31.19,1993,34000,10.43,11.1,2.41,3789,8.24,1978.335,7.59,0,0.66,0.66
1033,4166.91,6303.44,2136.53,Positive,31.34,1996,30150,10.31,9.43,2.24,3460,8.15,2770.84,7.93,0,0.91,0.91
704,7497.84,396.17,-7101.67,Negative,31.42,1999,26260,10.18,11.89,2.48,873,6.77,738.42,6.6,0.41,0.55,0.14
583,9528.62,4283.1,-5245.52,Negative,31.48,2000,22400,10.02,9.64,2.27,1823,7.51,1039.12,6.95,0.67,0.7,0.03
891,10593.16,11902.51,1309.35,Positive,31.46,1986,70467,11.16,7.37,2,2664,7.89,1821.11,7.51,0.76,0.98,0.22
1035,10099.34,9790.46,-308.88,Negative,31.3,1982,28914,10.27,9.79,2.28,1436,7.27,641.795,6.46,0.68,0.81,0.13
1136,1733.39,4904.54,3171.15,Positive,29.47,2003,2014981,14.52,3.34,1.21,3727,8.22,4311.13,8.37,0.43,0.02,-0.41
1041,3474.9,6863.78,3388.88,Positive,29.58,1985,961800,13.78,2.07,0.73,5957,8.69,3642.12,8.2,0.23,0.27,0.04
765,8876.36,1389.54,-7486.82,Negative,31.29,2000,35300,10.47,13.28,2.59,1965,7.58,743.58,6.61,0.55,0.32,-0.23
1038,645.73,1205.17,559.44,Positive,30.61,2000,171065,12.05,8.33,2.12,2031,7.62,4197.4,8.34,0.27,0.03,-0.24
581,6684.75,392.41,-6292.34,Negative,31.16,2000,23452,10.06,14.88,2.7,971,6.88,555.12,6.32,0.18,0.17,-0.01
70,9945.39,7065.67,-2879.72,Negative,30.67,1982,43333,10.68,13.17,2.58,965,6.87,268.08,5.59,0.63,0.59,-0.04
649,1243.44,2677.06,1433.62,Positive,30.64,1998,62100,11.04,5.76,1.75,2675,7.89,4063.185,8.31,0.39,0.39,0
897,5571.46,6830.67,1259.21,Positive,30.56,1975,40000,10.6,6.85,1.92,3450,8.15,2854.605,7.96,0.2,0.87,0.67
1037,6451,6745.51,294.52,Positive,30.61,1993,31800,10.37,6.95,1.94,3978,8.29,2465.445,7.81,0.01,0.95,0.94
7,0,0,0,Stable,30.91,2009,33605,10.42,16.38,2.8,216,5.38,369.83,5.91,0.11,0,-0.11
768,8944.13,999.94,-7944.19,Negative,30.93,1998,26500,10.18,13.42,2.6,1594,7.37,731.65,6.6,0.6,0.31,-0.29
767,9511.74,4751.15,-4760.59,Negative,30.96,2000,37052,10.52,11.74,2.46,1681,7.43,855.81,6.75,0.53,0.41,-0.12
212,6088.43,943.76,-5144.67,Negative,30.78,2003,16048,9.68,17.18,2.84,519,6.25,158.38,5.06,0.54,0.15,-0.39
458,4007.55,942.4,-3065.15,Negative,30.61,1995,120000,11.7,16.29,2.79,706,6.56,20.59,3.02,0.58,0.06,-0.52
31,9963.43,8795.04,-1168.39,Negative,30.48,1985,50000,10.82,10.28,2.33,1381,7.23,403.04,6,0.25,0.81,0.56
1087,7263.28,7288.99,25.71,Stable,30.22,1963,23437,10.06,6.64,1.89,4127,8.33,2485.02,7.82,0.64,0.91,0.27
1115,10986.45,11162.84,176.39,Stable,30.2,1979,12252,9.41,9.26,2.23,1285,7.16,775.94,6.65,0.67,0.84,0.17
1165,8314.48,4437.63,-3876.85,Negative,30.19,1985,11252,9.33,11.55,2.45,534,6.28,211.13,5.35,0.5,0.71,0.21
902,2449.7,3856.64,1406.94,Positive,29.45,1993,185300,12.13,7.97,2.08,3045,8.02,4076.61,8.31,0.25,0.02,-0.23
1042,921.81,1179.34,257.53,Positive,29.58,1995,459161,13.04,9.47,2.25,1468,7.29,4508.935,8.41,0.28,0,-0.28
56,886.02,1528.86,642.84,Positive,30.05,1995,22897,10.04,8.04,2.08,1160,7.06,4144.48,8.33,0.62,0.07,-0.55
1109,10572.3,4565.01,-6007.3,Negative,30.08,1982,14821,9.6,8.04,2.08,1283,7.16,319,5.77,0.9,0.83,-0.07
1043,4398.08,7456.06,3057.99,Positive,29.56,1996,406917,12.92,7.24,1.98,5333,8.58,4163.22,8.33,0.82,0.26,-0.56
898,11279.76,11899.57,619.81,Positive,30.14,1985,40964,10.62,8.82,2.18,1643,7.4,1237.76,7.12,0.29,0.95,0.66
592,1895.42,0,-1895.42,Negative,30.13,2001,37900,10.54,16.95,2.83,291,5.67,51.92,3.95,0.13,0.02,-0.11
899,11606.89,9071.89,-2535.01,Negative,30.05,1981,68339,11.13,9.6,2.26,1117,7.02,1040.555,6.95,0.63,0.92,0.29
425,11115.91,9679.8,-1436.1,Negative,30.02,1990,34550,10.45,8.66,2.16,1497,7.31,1094.83,7,0.64,0.93,0.29
901,12278.73,12202.89,-75.84,Stable,30.01,1982,66568,11.11,7.79,2.05,1681,7.43,977.78,6.89,0.22,0.94,0.72
1046,6189.85,6094.28,-95.58,Stable,29.56,1993,36490,10.5,8.06,2.09,2623,7.87,2033.135,7.62,0.6,0.94,0.34
351,7272.24,632.58,-6639.65,Negative,29.87,2002,18137,9.81,16.44,2.8,1232,7.12,529.91,6.27,0.5,0.34,-0.16
1044,275.79,138.7,-137.09,Stable,29.86,1996,37088,10.52,14.15,2.65,22,3.09,23.57,3.16,0.25,0.06,-0.19
1110,12100.22,9446.19,-2654.03,Negative,29.63,1995,2771,7.93,7.19,1.97,1412,7.25,504.08,6.22,0.87,0.98,0.11
1085,2829.61,5072.77,2243.15,Positive,28.68,1985,101400,11.53,2.35,0.85,3816,8.25,3950.07,8.28,0.11,0.23,0.12
1091,12196.98,6797.46,-5399.52,Negative,29.7,1986,23200,10.05,7.7,2.04,1298,7.17,788.32,6.67,0.56,0.89,0.33
1047,10643.33,5073.91,-5569.42,Negative,29.54,1981,30452,10.32,14.93,2.7,1362,7.22,344.76,5.84,0.39,0.53,0.14
1048,1327.16,1676.45,349.29,Positive,29.2,1995,84300,11.34,6.73,1.91,1845,7.52,4234.47,8.35,0.76,0.31,-0.45
1049,1350.6,2733.62,1383.01,Positive,29.2,1999,36025,10.49,5.88,1.77,3573,8.18,3911.95,8.27,0.61,0.43,-0.18
642,2977.68,5107.78,2130.1,Positive,29.19,2001,40900,10.62,7.31,1.99,3526,8.17,2540.57,7.84,0.43,0.82,0.39
904,3093.84,1465.56,-1628.28,Negative,29.31,1984,190300,12.16,12.68,2.54,127,4.84,27.62,3.32,0.29,0.09,-0.2
905,11914.33,6516.05,-5398.28,Negative,29.42,1981,20105,9.91,9.89,2.29,1166,7.06,485.1,6.18,0.81,0.89,0.08
240,3367.45,2439.51,-927.93,Negative,29.27,2003,41100,10.62,12.92,2.56,163,5.09,22.86,3.13,0.08,0.02,-0.06
59,1473.71,2155.46,681.74,Positive,28.76,2000,23693,10.07,8.8,2.17,2421,7.79,3659.91,8.21,0.3,0.26,-0.04
907,3929.65,655.6,-3274.05,Negative,29.18,1988,22400,10.02,12.02,2.49,71,4.26,16.12,2.78,0.1,0.05,-0.05
917,3905.83,4672.76,766.94,Positive,28.3,1984,281640,12.55,7.8,2.05,2982,8,3546.53,8.17,0.7,0.52,-0.18
725,4107.85,6224.69,2116.85,Positive,28.8,2001,40800,10.62,11.11,2.41,2932,7.98,2312.435,7.75,0.56,0.7,0.14
471,4930.33,4778.81,-151.51,Stable,28.95,1997,29650,10.3,8.03,2.08,2946,7.99,2595.23,7.86,0.71,0.96,0.25
911,11680.6,10384.54,-1296.07,Negative,29.01,1979,41850,10.64,11.78,2.47,1665,7.42,1171.91,7.07,0.1,0.73,0.63
910,11363.9,10624.05,-739.85,Negative,29.13,1984,26990,10.2,12.2,2.5,1628,7.4,1130.215,7.03,0.17,0.58,0.41
465,2000.16,2043.45,43.29,Stable,28.96,1997,33300,10.41,10.59,2.36,12,2.48,14.78,2.69,0.05,0.09,0.04
920,7345.42,9131.68,1786.26,Positive,27.23,1983,405200,12.91,3.34,1.21,3745,8.23,2959.94,7.99,0.55,0.78,0.23
1055,2557.34,3093.29,535.95,Positive,28.45,1996,146000,11.89,5.94,1.78,3191,8.07,4019.545,8.3,0.59,0.45,-0.14
330,2178.89,4531.3,2352.41,Positive,28.65,2002,33700,10.43,11.54,2.45,2916,7.98,3082.8,8.03,0.86,0.71,-0.15
915,5848.76,5841.43,-7.33,Stable,28.69,1978,50655,10.83,8.23,2.11,2694,7.9,2561.575,7.85,0.74,0.96,0.22
1052,9238.22,2891.97,-6346.25,Negative,28.89,1992,28000,10.24,10.11,2.31,1181,7.07,715.54,6.57,0.48,0.64,0.16
17,2450.36,1453.55,-996.81,Negative,28.9,1998,33818,10.43,18.1,2.9,115,4.74,57.87,4.06,0.08,0.01,-0.07
912,1145.69,401.18,-744.51,Negative,28.9,1997,35680,10.48,14.56,2.68,71,4.26,32.005,3.47,0.05,0.09,0.04
1050,2521.41,751.12,-1770.29,Negative,28.89,1991,168000,12.03,14.67,2.69,80,4.38,29.26,3.38,0.17,0.05,-0.12
651,2519.65,3559.86,1040.21,Positive,28.39,1997,120100,11.7,9.59,2.26,3339,8.11,2840.255,7.95,0.39,0.81,0.42
916,5090.7,5354.04,263.35,Positive,28.61,1978,30164,10.31,8.73,2.17,2522,7.83,2882.83,7.97,0.65,0.67,0.02
913,10707.19,7845.88,-2861.3,Negative,28.76,1987,31113,10.35,15.08,2.71,951,6.86,844.74,6.74,0.31,0.17,-0.14
914,11758.09,5646.8,-6111.29,Negative,28.82,1982,24800,10.12,7.12,1.96,1058,6.96,593.83,6.39,0.81,0.98,0.17
762,3456.82,1568.29,-1888.53,Negative,28.68,2001,43000,10.67,20.39,3.02,75,4.32,46.99,3.85,0.37,0,-0.37
60,4529.55,138.7,-4390.85,Negative,28.46,1996,28719,10.27,11.25,2.42,630,6.45,397.46,5.99,0.87,0.08,-0.79
760,10655.07,3877.2,-6777.87,Negative,28.62,1993,17170,9.75,12.29,2.51,735,6.6,559.39,6.33,0.72,0.62,-0.1
637,6237.96,5430.22,-807.74,Negative,28.24,2001,38800,10.57,13.13,2.57,2565,7.85,1564.25,7.36,0.6,0.52,-0.08
359,9452.44,5615.4,-3837.04,Negative,28.26,1994,48700,10.79,13.6,2.61,1306,7.17,1011.39,6.92,0.27,0.44,0.17
1112,12001.15,10495.15,-1506,Negative,28.04,1981,16007,9.68,8.57,2.15,1766,7.48,732.71,6.6,0.84,0.98,0.14
925,3047.17,3061.48,14.31,Stable,27.85,1982,14133,9.56,6.15,1.82,1878,7.54,3413.06,8.14,0.67,0.85,0.18
795,10306.74,6841.22,-3465.52,Negative,28.18,1989,26231,10.17,12.17,2.5,1028,6.94,1180.39,7.07,0.06,0.66,0.6
780,8140.37,3830.27,-4310.11,Negative,28.24,2003,13900,9.54,11.84,2.47,560,6.33,327.19,5.79,0.79,0.52,-0.27
320,8290.8,4081.01,-4209.8,Negative,28.05,2002,36522,10.51,14.28,2.66,1154,7.05,1067.89,6.97,0.12,0.38,0.26
924,12101.33,11664.25,-437.08,Negative,27.74,1979,56527,10.94,7.24,1.98,1873,7.54,915.08,6.82,0.88,0.97,0.09
321,5187.64,6097.65,910.01,Positive,27.7,2001,44128,10.69,13.62,2.61,2929,7.98,1978.49,7.59,0.13,0.28,0.15
923,12815.7,11365.03,-1450.67,Negative,27.9,1986,41960,10.64,8.77,2.17,2072,7.64,1029.55,6.94,0.06,0.74,0.68
611,10731.83,8283.28,-2448.54,Negative,27.7,1994,13867,9.54,8.83,2.18,869,6.77,436.37,6.08,0.92,0.88,-0.04
931,4118.91,3504.65,-614.26,Negative,27.32,1985,21908,9.99,8.16,2.1,3270,8.09,3243.63,8.08,0.61,0.68,0.07
448,4591.9,3776.48,-815.42,Negative,27.32,1984,20141,9.91,12.59,2.53,3350,8.12,1817.19,7.51,0.07,0.41,0.34
4,11022.67,4838.46,-6184.21,Negative,27.29,1980,30600,10.33,10.89,2.39,966,6.87,416.87,6.03,0.1,0.67,0.57
772,8166.14,3327.73,-4838.41,Negative,27.26,2000,22000,10,11.2,2.42,837,6.73,223.7,5.41,0.8,0.4,-0.4
1163,11059.49,6609.11,-4450.38,Negative,27.23,1992,58300,10.97,9.02,2.2,1159,7.06,441.11,6.09,0.77,0.89,0.12
323,2998.63,2698.59,-300.03,Negative,26.88,2003,16300,9.7,16.3,2.79,2183,7.69,1909.62,7.55,0.28,0.48,0.2
344,5408.1,5844.76,436.67,Positive,26.48,1998,75894,11.24,11.1,2.41,2191,7.69,2648.21,7.88,0.64,0.7,0.06
1114,9440.76,6487.73,-2953.04,Negative,26.68,1988,4278,8.36,14.37,2.67,1189,7.08,461.49,6.13,0.54,0.77,0.23
37,13665.08,5953.24,-7711.84,Negative,26.59,1982,21720,9.99,11.58,2.45,1277,7.15,669.78,6.51,0.08,0.64,0.56
770,10437.92,7457.2,-2980.73,Negative,26.36,1995,18061,9.8,8.26,2.11,596,6.39,568.71,6.34,0.77,0.83,0.06
938,6081.29,6788.6,707.31,Positive,26.05,1988,133150,11.8,14.3,2.66,1183,7.08,2094.155,7.65,0.09,0.21,0.12
937,12380.11,10210.43,-2169.69,Negative,26.42,1982,47300,10.76,7.36,2,1401,7.24,1311.15,7.18,0.64,0.98,0.34
939,13462.23,6974.48,-6487.75,Negative,26.41,1982,14553,9.59,9.17,2.22,1629,7.4,669.55,6.51,0.12,0.66,0.54
773,8649.76,4745.58,-3904.18,Negative,26.28,2001,16100,9.69,10.86,2.39,415,6.03,315.45,5.75,0.85,0.39,-0.46
946,5785.05,4512.6,-1272.45,Negative,25.78,1981,79700,11.29,16.75,2.82,1917,7.56,2391.505,7.78,0.49,0.35,-0.14
38,14338.69,11632.53,-2706.17,Negative,26.28,1982,28670,10.26,7.3,1.99,1581,7.37,975.95,6.88,0.43,0.96,0.53
1104,12694.65,10207.57,-2487.08,Negative,25.96,1982,10974,9.3,7.24,1.98,1470,7.29,981.17,6.89,0.67,0.95,0.28
577,4765.99,4644.19,-121.8,Stable,25.8,2001,26610,10.19,18.89,2.94,371,5.92,2043.95,7.62,0.15,0.1,-0.05
1141,14002.39,8380.33,-5622.06,Negative,25.89,1976,17009,9.74,7.56,2.02,1654,7.41,1005.58,6.91,0.07,0.98,0.91
747,12333.21,6052.75,-6280.46,Negative,25.82,1997,17105,9.75,6.55,1.88,1557,7.35,835.82,6.73,0.27,0.88,0.61
1092,13871.65,7811.88,-6059.77,Negative,25.62,1961,15133,9.62,6.88,1.93,1521,7.33,797.78,6.68,0.62,0.98,0.36
947,14063.02,6687.31,-7375.72,Negative,25.6,1982,47362,10.77,6.85,1.92,1408,7.25,571.89,6.35,0.29,0.89,0.6
954,9932.05,8909.07,-1022.98,Negative,25.38,1985,22169,10.01,9.07,2.2,1298,7.17,1028,6.94,0.75,0.98,0.23
965,2528.34,3791.55,1263.21,Positive,24.39,1986,100744,11.52,7.34,1.99,1813,7.5,1240.115,7.12,0.62,0.9,0.28
952,12725.53,4078.54,-8646.99,Negative,25.29,1982,75900,11.24,6.93,1.94,1052,6.96,507.26,6.23,0.14,0.88,0.74
951,14086.03,7564.33,-6521.7,Negative,25.17,1982,90400,11.41,8.24,2.11,1453,7.28,648.355,6.47,0.1,0.66,0.56
1094,13369.27,5200.89,-8168.37,Negative,25.31,1982,20066,9.91,8.77,2.17,1437,7.27,622.63,6.43,0.42,0.62,0.2
953,13463.05,4748.81,-8714.24,Negative,25.34,1982,36480,10.5,9.19,2.22,1422,7.26,693.06,6.54,0.23,0.66,0.43
1057,9287.19,6012.73,-3274.45,Negative,25.19,1995,14365,9.57,8.5,2.14,1223,7.11,564.88,6.34,0.85,0.67,-0.18
955,11438.34,3444.65,-7993.7,Negative,25.25,1986,21285,9.97,7.52,2.02,646,6.47,753.53,6.62,0.16,0.19,0.03
959,11438.34,3444.65,-7993.7,Negative,25.12,1996,10829,9.29,7.52,2.02,646,6.47,753.53,6.62,0.16,0.19,0.03
956,12832.38,3967.44,-8864.94,Negative,25.14,1982,25213,10.14,9.5,2.25,1379,7.23,715.935,6.57,0.51,0.55,0.04
969,7249.86,4663.97,-2585.89,Negative,24.26,1988,67700,11.12,8.42,2.13,2431,7.8,2034.89,7.62,0.73,0.58,-0.15
1079,8874.84,2494.7,-6380.15,Negative,24.91,1982,42848,10.67,8.19,2.1,904,6.81,648.91,6.48,0.24,0.08,-0.16
962,12216.34,5288.67,-6927.67,Negative,24.97,1982,19833,9.9,8.1,2.09,1180,7.07,880.44,6.78,0.28,0.85,0.57
960,12328.06,4392.85,-7935.21,Negative,24.93,1984,58937,10.98,8.78,2.17,1650,7.41,858.09,6.75,0.29,0.71,0.42
355,7146.65,1345.5,-5801.15,Negative,24.96,1995,28000,10.24,12.62,2.54,374,5.92,160.39,5.08,0.62,0.37,-0.25
970,6586.29,3395.32,-3190.97,Negative,24.46,1986,30938,10.34,11.57,2.45,1820,7.51,1763.61,7.48,0.62,0.54,-0.08
967,8937.7,1962.76,-6974.94,Negative,24.65,1982,20900,9.95,10.38,2.34,986,6.89,1064.75,6.97,0.22,0.28,0.06
964,11795.16,2944.45,-8850.71,Negative,24.78,1982,73090,11.2,8.13,2.1,901,6.8,432.41,6.07,0.12,0.63,0.51
963,12245.82,3634.95,-8610.86,Negative,24.88,1982,48000,10.78,9.01,2.2,1356,7.21,861.28,6.76,0.46,0.91,0.45
973,5243,5468.67,225.66,Stable,24.12,1986,15786,9.67,9.82,2.28,2302,7.74,2201.14,7.7,0.36,0.54,0.18
511,5563.19,6074.69,511.49,Positive,24.01,1999,182200,12.11,11.72,2.46,2103,7.65,1744.85,7.46,0.68,0.34,-0.34
971,10774.91,2926.19,-7848.72,Negative,24.57,1981,13412,9.5,8.32,2.12,998,6.91,587.55,6.38,0.51,0.9,0.39
575,3539.84,3435.04,-104.79,Stable,23.95,1996,37000,10.52,8.36,2.12,1313,7.18,1281.99,7.16,0.39,0.38,-0.01
1143,7949,2172.87,-5776.13,Negative,24.47,1982,29800,10.3,5.92,1.78,1633,7.4,1101.73,7,0.29,0.26,-0.03
686,8348.13,2814.37,-5533.77,Negative,24.43,1987,21000,9.95,7.15,1.97,538,6.29,900.35,6.8,0.4,0.08,-0.32
1096,8614.81,1768.6,-6846.21,Negative,24.46,1998,33555,10.42,8.76,2.17,1460,7.29,400.13,5.99,0.47,0.59,0.12
724,6452.37,1647.57,-4804.8,Negative,24.25,1999,17827,9.79,11.35,2.43,547,6.3,266.3,5.58,0.74,0.2,-0.54
1162,11758.54,3904.8,-7853.74,Negative,24.08,1982,36000,10.49,9.46,2.25,1606,7.38,549.79,6.31,0.6,0.78,0.18
979,4242.85,4743.49,500.64,Positive,23.35,1980,50900,10.84,10.32,2.33,2232,7.71,1528.84,7.33,0.48,0.69,0.21
975,7170.18,2662.84,-4507.34,Negative,23.8,1982,81900,11.31,10.08,2.31,1323,7.19,656.93,6.49,0.17,0.13,-0.04
44,5272.97,1359.23,-3913.74,Negative,23.5,1989,22378,10.02,13.85,2.63,1915,7.56,1365.56,7.22,0.37,0.43,0.06
576,6017.58,2564.64,-3452.94,Negative,23.62,2000,15700,9.66,14.53,2.68,794,6.68,1074.36,6.98,0.41,0.07,-0.34
122,7061.27,3672.87,-3388.4,Negative,23.42,1982,27008,10.2,12.34,2.51,885,6.79,1067.15,6.97,0.31,0.07,-0.24
1161,8359.77,523.77,-7836,Negative,23.4,1981,25600,10.15,12.85,2.55,1466,7.29,458.585,6.13,0.02,0.43,0.41
63,6197.12,1994.19,-4202.94,Negative,23.3,1998,20278,9.92,13.47,2.6,869,6.77,246.12,5.51,0.61,0.55,-0.06
985,6751.99,4743.22,-2008.77,Negative,22.8,1983,65100,11.08,7.54,2.02,2111,7.65,1529.15,7.33,0.45,0.68,0.23
443,5583.9,4926.18,-657.72,Negative,22.93,1994,16200,9.69,12.53,2.53,2067,7.63,1566.09,7.36,0.61,0.54,-0.07
989,2704.52,521.05,-2183.47,Negative,22.91,1982,60100,11,9.5,2.25,457,6.12,300.74,5.71,0.06,0.12,0.06
984,5370.46,2384.84,-2985.62,Negative,22.81,1986,43993,10.69,9.73,2.28,1227,7.11,486.58,6.19,0.25,0.13,-0.12
1060,2559.94,633.03,-1926.9,Negative,22.75,1982,25800,10.16,11.45,2.44,444,6.1,292.58,5.68,0.46,0.02,-0.44
46,2641.07,275.83,-2365.24,Negative,22.71,1983,60000,11,27.17,3.3,604,6.4,116.63,4.76,0.98,0.31,-0.67
991,5087.48,6170.34,1082.86,Positive,21.87,1958,247439,12.42,7.56,2.02,1357,7.21,969.34,6.88,0.8,0.69,-0.11
410,702.91,779.85,76.94,Stable,22.59,1980,25578,10.15,14.46,2.67,310,5.74,143.85,4.97,0.16,0,-0.16
1098,2769.87,1397.98,-1371.89,Negative,22.35,1978,10369,9.25,10.17,2.32,382,5.95,209.34,5.34,0.04,0.08,0.04
993,7722.47,2528.14,-5194.33,Negative,21.91,1982,174500,12.07,9.42,2.24,1287,7.16,343.24,5.84,0.21,0.73,0.52
112,1895.42,392.41,-1503.01,Negative,21.87,2004,20000,9.9,23.56,3.16,356,5.87,33.32,3.51,0.28,0.07,-0.21
1097,138.7,138.7,0,Stable,21.63,1986,35000,10.46,17.19,2.84,78,4.36,23.165,3.14,0.03,0.01,-0.02
470,0,517.25,517.25,Positive,20.59,1983,46865,10.76,14.01,2.64,207,5.33,62.34,4.13,0.17,0,-0.17
136,392.41,3149.38,2756.97,Positive,19.92,1983,38400,10.56,17.44,2.86,141,4.95,39.5,3.68,0.26,0.01,-0.25
49,3320.84,985.4,-2335.44,Negative,19.14,1980,29980,10.31,9.84,2.29,1329,7.19,391.82,5.97,0.57,0.4,-0.17
1000,3532.29,1387.94,-2144.35,Negative,18.74,1976,20170,9.91,8.59,2.15,1046,6.95,541.87,6.3,0.54,0.76,0.22
1100,3503.9,1946.94,-1556.96,Negative,18.67,1984,18389,9.82,11.85,2.47,962,6.87,156.31,5.05,0.1,0.19,0.09
182,1092.37,193.99,-898.37,Negative,49.85,2006,26312,10.18,7.62,2.03,257,5.55,427.77,6.06,0.15,0,-0.15
183,1092.37,193.99,-898.37,Negative,49.85,2006,46743,10.75,7.62,2.03,257,5.55,427.77,6.06,0.15,0,-0.15
193,336.61,138.7,-197.91,Negative,49.42,2008,21283,9.97,8.24,2.11,210,5.35,299.84,5.7,0.29,0,-0.29
194,336.61,138.7,-197.91,Negative,49.42,2011,21394,9.97,8.24,2.11,210,5.35,299.84,5.7,0.29,0,-0.29
206,844.27,590.08,-254.19,Negative,48.28,2004,62567,11.04,10.49,2.35,407,6.01,383.53,5.95,0.78,0.35,-0.43
15,279.89,0,-279.89,Negative,48.48,2007,22934,10.04,18.98,2.94,86,4.45,214.93,5.37,0.02,0,-0.02
181,279.89,0,-279.89,Negative,48.48,2010,43438,10.68,18.98,2.94,86,4.45,214.93,5.37,0.02,0,-0.02
205,844.27,272.54,-571.73,Negative,47.72,2006,20730,9.94,16.61,2.81,640,6.46,342.76,5.84,0.71,0.37,-0.34
169,194.36,138.7,-55.66,Stable,47.33,2009,22200,10.01,20.14,3,228,5.43,155.21,5.04,0.07,0,-0.07
270,686.64,506.44,-180.2,Negative,43.25,2004,41858,10.64,13.79,2.62,794,6.68,1261.07,7.14,0,0,0
271,686.64,506.44,-180.2,Negative,43.25,2004,38307,10.55,13.79,2.62,794,6.68,1261.07,7.14,0,0,0
143,636.46,263.57,-372.89,Negative,40.6,2001,19648,9.89,16.08,2.78,608,6.41,468.09,6.15,0.11,0.02,-0.09
144,636.46,263.57,-372.89,Negative,40.6,2003,14038,9.55,16.08,2.78,608,6.41,468.09,6.15,0.11,0.02,-0.09
679,498.64,274.92,-223.71,Negative,40.12,2000,26210,10.17,5.54,1.71,109,4.69,1268.72,7.15,0,0,0
9,269.84,138.7,-131.14,Stable,28.84,2008,142982,11.87,4.66,1.54,1513,7.32,4819.745,8.48,0,0,0
128,8127.04,3746.91,-4380.13,Negative,24.5,1982,12458,9.43,12.09,2.49,1198,7.09,1140.03,7.04,0.28,0.1,-0.18
129,8127.04,3746.91,-4380.13,Negative,24.5,1982,32209,10.38,12.09,2.49,1198,7.09,1140.03,7.04,0.28,0.1,-0.18
