Pacode,PD.current,PD.future,PD_dis,Type,Latitude,Year,Area,Area_1,HP,HP_1,range,range_1,altitude,altitude_1,forest_current,forest_future,forest_dis
692,809.38,733.26,-76.13,Stable,53.31,2006,137600,11.83,2.49,0.91,511,6.24,567.27,6.34,0.68,0.48,-0.2
689,733.26,599.41,-133.84,Stable,53,2005,88850,11.39,2.49,0.91,310,5.74,351.29,5.86,0.93,0.15,-0.78
690,809.38,733.26,-76.13,Stable,52.9,2006,68400,11.13,4.45,1.49,566,6.34,646.28,6.47,0.68,0.85,0.17
1119,733.26,733.26,0,Stable,52.13,1982,60000,11,3.96,1.38,405,6,318.68,5.76,0.77,0.02,-0.75
195,733.26,733.26,0,Stable,52.36,2006,55074,10.92,5.17,1.64,591,6.38,504.76,6.22,0.91,0.41,-0.5
641,1015.94,809.38,-206.55,Stable,52.27,1998,124527,11.73,2.14,0.76,870,6.77,665.58,6.5,0.85,0.98,0.13
693,904.08,599.41,-304.67,Negative,51.63,2005,105580,11.57,2.61,0.96,378,5.93,436.13,6.08,0.78,0.08,-0.7
1007,1228.17,809.38,-418.79,Negative,51.62,1979,107348,11.58,2,0.69,687,6.53,999.35,6.91,0.69,0.94,0.25
800,1280.15,809.38,-470.76,Negative,51.66,1984,167213,12.03,1.18,0.17,666,6.5,949.635,6.86,0.81,0.97,0.16
1008,1026.65,858.13,-168.53,Stable,51.33,1999,229523,12.34,2.04,0.71,637,6.46,508.855,6.23,0.51,0.04,-0.47
758,1138.51,809.38,-329.12,Negative,51.73,2003,102600,11.54,2.05,0.72,681,6.52,780.91,6.66,0.88,0.92,0.04
691,904.08,522.64,-381.44,Negative,50.62,2006,129000,11.77,2.17,0.77,331,5.8,451.02,6.11,0.31,0.02,-0.29
802,1420.43,1376.1,-44.33,Stable,48.85,1980,250000,12.43,8.58,2.15,2712,7.91,2269.28,7.73,0.02,0,-0.02
13,1048.62,599.41,-449.21,Negative,50.23,1997,126000,11.74,6.25,1.83,361,5.89,669.98,6.51,0.04,0,-0.04
801,266.63,138.7,-127.93,Stable,49.32,1982,45000,10.71,8.12,2.09,244,5.5,185.81,5.22,0.09,0,-0.09
393,0,0,0,Stable,48.22,1999,32000,10.37,6.58,1.88,11,2.4,40.5,3.7,0.13,0,-0.13
480,531.21,440.48,-90.73,Stable,48.69,1999,43800,10.69,7.86,2.06,300,5.7,391.74,5.97,0.9,0.42,-0.48
1009,0,0,0,Stable,47.77,1994,198100,12.2,5.71,1.74,19,2.94,45.38,3.82,0.1,0,-0.1
1124,531.21,531.21,0,Stable,48.38,2006,211600,12.26,3.07,1.12,245,5.5,442.66,6.09,0.56,0.27,-0.29
339,1509.6,1514.12,4.52,Stable,47.85,2005,99040,11.5,10.64,2.36,2252,7.72,1488.31,7.31,0,0,0
675,812.3,138.7,-673.6,Negative,49.2,2001,44700,10.71,12.44,2.52,157,5.06,653.91,6.48,0.03,0,-0.03
804,568.59,138.7,-429.9,Negative,48.67,1980,100800,11.52,8.87,2.18,253,5.53,328.49,5.79,0.15,0,-0.15
204,568.41,699.55,131.14,Positive,48.23,2004,112000,11.63,10.13,2.32,445,6.1,394.96,5.98,0.94,0.47,-0.47
805,0,0,0,Stable,47.75,1988,21835,9.99,5.54,1.71,7,1.95,52.2,3.96,0.07,0,-0.07
572,0,0,0,Stable,47.69,2001,39700,10.59,6.62,1.89,8,2.08,52.13,3.95,0.04,0,-0.04
1156,1499.95,1559.38,59.43,Stable,47.37,2001,1130000,13.94,5.95,1.78,2445,7.8,2534.94,7.84,0.02,0,-0.02
733,531.21,272.54,-258.67,Negative,48.17,2005,60700,11.01,7.17,1.97,250,5.52,439.26,6.09,0.9,0.64,-0.26
482,1426.04,1320.1,-105.94,Stable,47.74,1986,56700,10.95,7.64,2.03,1493,7.31,1378.95,7.23,0,0,0
803,693.32,523.16,-170.16,Stable,48.67,1986,740000,13.51,4.1,1.41,322,5.77,564.46,6.34,0,0,0
160,138.7,138.7,0,Stable,48.28,2006,36500,10.51,11.11,2.41,109,4.69,294.52,5.69,0.01,0,-0.01
695,531.21,272.54,-258.67,Negative,48.04,2004,67000,11.11,8.41,2.13,205,5.32,328.29,5.79,0.84,0.24,-0.6
652,0,138.7,138.7,Positive,47.22,1998,160600,11.99,7.04,1.95,261,5.56,58.62,4.07,0.03,0,-0.03
1135,699.85,266.63,-433.23,Negative,48.54,1997,346800,12.76,6.89,1.93,174,5.16,680.62,6.52,0,0,0
673,1181.27,947.36,-233.91,Stable,48.62,1998,125564,11.74,4.2,1.44,482,6.18,895.345,6.8,0.06,0,-0.06
202,531.21,272.54,-258.67,Negative,47.73,2009,78864,11.28,14.37,2.67,659,6.49,342.76,5.84,0.71,0.37,-0.34
163,0,0,0,Stable,47.25,2008,26336,10.18,16.34,2.79,35,3.56,59.92,4.09,0,0,0
189,0,0,0,Stable,46.8,2004,72604,11.19,8.01,2.08,712,6.57,126.27,4.84,0.39,0.1,-0.29
207,0,138.7,138.7,Positive,47.88,2007,61385,11.02,17.78,2.88,93,4.53,210.01,5.35,0,0,0
168,138.7,0,-138.7,Stable,47.33,2007,55490,10.92,20.14,3,228,5.43,155.21,5.04,0.07,0,-0.07
164,0,0,0,Stable,47.82,2006,55423,10.92,18.88,2.94,27,3.3,165.14,5.11,0.02,0,-0.02
158,0,138.7,138.7,Positive,47.6,2011,19460,9.88,19.32,2.96,101,4.62,262.79,5.57,0,0,0
174,138.7,0,-138.7,Stable,47.02,2004,26200,10.17,11.78,2.47,40,3.69,70.58,4.26,0,0,0
192,138.7,138.7,0,Stable,47.25,2007,50025,10.82,19.36,2.96,101,4.62,202.315,5.31,0,0,0
806,531.21,272.54,-258.67,Negative,47.18,1980,12133,9.4,9.16,2.21,721,6.58,439.74,6.09,0.98,0.78,-0.2
809,272.54,0,-272.54,Negative,46.6,1990,23000,10.04,7.96,2.07,679,6.52,341.19,5.83,0.75,0.41,-0.34
364,0,138.7,138.7,Positive,46.28,1980,270000,12.51,7.39,2,492,6.2,109.195,4.69,0.06,0,-0.06
1010,558.57,403.68,-154.89,Stable,47.13,1987,210000,12.25,12.86,2.55,15,2.71,142.01,4.96,0.02,0,-0.02
188,138.7,0,-138.7,Stable,46.88,2008,21229,9.96,14.18,2.65,50,3.91,178.26,5.18,0.01,0,-0.01
159,0,138.7,138.7,Positive,46.32,2004,19244,9.86,12.74,2.54,292,5.68,137.33,4.92,0.03,0,-0.03
694,0,138.7,138.7,Positive,46.08,2005,31516,10.36,6.29,1.84,424,6.05,243.82,5.5,0.45,0.19,-0.26
495,498.22,567.8,69.58,Stable,44.88,2000,31400,10.35,10.38,2.34,1128,7.03,1302.52,7.17,0,0,0
496,523.16,269.84,-253.32,Negative,44.85,2000,267100,12.5,5.33,1.67,531,6.27,215.22,5.37,0,0,0
264,949.77,955.75,5.98,Stable,47.18,1997,38567,10.56,8.23,2.11,536,6.28,1184.28,7.08,0.07,0.07,0
1081,0,138.7,138.7,Positive,44.72,1983,54700,10.91,6.78,1.91,331,5.8,303.62,5.72,0,0,0
820,748.43,665.52,-82.91,Stable,44.1,1983,35000,10.46,13.84,2.63,430,6.06,673.05,6.51,0,0,0
811,1056.67,817.66,-239.01,Negative,44.9,1982,1733000,14.37,3.17,1.15,1080,6.98,701.08,6.55,0,0,0
754,1213.35,776.99,-436.35,Negative,46.68,2003,75700,11.23,12.18,2.5,617,6.42,672.05,6.51,0.08,0.01,-0.07
812,0,138.7,138.7,Positive,45.26,1986,222488,12.31,11.21,2.42,53,3.97,68.375,4.23,0.01,0.01,0
1186,1053.27,850.52,-202.75,Stable,46.34,2001,58515,10.98,12.99,2.56,445,6.1,403.51,6,0,0,0
379,269.84,307.04,37.2,Stable,46.31,1998,94800,11.46,10.15,2.32,108,4.68,157.185,5.06,0,0,0
208,138.7,0,-138.7,Stable,46.07,2003,36700,10.51,19.07,2.95,53,3.97,147.2,4.99,0,0,0
810,138.7,434.97,296.27,Positive,45.9,1981,144000,11.88,11.94,2.48,37,3.61,131.94,4.88,0,0,0
1145,0,269.84,269.84,Positive,45.08,1989,26570,10.19,7.61,2.03,605,6.41,319.91,5.77,0.5,0.22,-0.28
1137,571.82,523.16,-48.66,Stable,45.8,2004,612650,13.33,6.31,1.84,398,5.99,930.18,6.84,0,0,0
209,138.7,138.7,0,Stable,45.52,2008,57870,10.97,14.97,2.71,45,3.81,129.45,4.86,0,0,0
190,165.65,0,-165.65,Stable,45.37,2009,17179,9.75,22.07,3.09,26,3.26,173.02,5.15,0,0,0
1011,1616.31,1170.31,-446,Negative,43.39,1983,31217,10.35,8.49,2.14,1733,7.46,1624.27,7.39,0.17,0,-0.17
1118,392.02,269.84,-122.18,Stable,45.65,1995,47200,10.76,6.6,1.89,162,5.09,863.605,6.76,0,0,0
757,662.35,309.74,-352.61,Negative,45.58,1997,31442,10.36,14.35,2.66,280,5.63,443.05,6.09,0,0,0
1180,0,434.97,434.97,Positive,45.28,1986,63600,11.06,11.41,2.43,34,3.53,129.26,4.86,0,0,0
224,138.7,266.63,127.93,Positive,44.98,2009,61010,11.02,18.4,2.91,117,4.76,180.455,5.2,0,0,0
456,272.54,403.68,131.14,Positive,44.6,1997,190000,12.15,8.49,2.14,823,6.71,466.355,6.14,0.44,0.27,-0.17
180,0,138.7,138.7,Positive,44.58,2011,71278,11.17,17.18,2.84,438,6.08,358.18,5.88,0.06,0.02,-0.04
755,935.84,437.67,-498.17,Negative,45.47,2001,61600,11.03,11.5,2.44,340,5.83,500.63,6.22,0,0,0
442,1467.39,1437.17,-30.22,Stable,43.24,1986,65300,11.09,4.09,1.41,2669,7.89,2622.34,7.87,0.17,0.01,-0.16
441,930.83,795.58,-135.25,Stable,43.97,1980,38100,10.55,9.76,2.28,2600,7.86,1497.65,7.31,0.08,0.01,-0.07
670,818.12,788.94,-29.18,Stable,45.22,1996,91300,11.42,9.45,2.25,590,6.38,994.75,6.9,0.08,0,-0.08
813,606.31,927.16,320.85,Positive,45,1981,105467,11.57,10.18,2.32,41,3.71,165.62,5.11,0,0,0
184,0,138.7,138.7,Positive,44.35,2006,20834,9.94,12.36,2.51,289,5.67,304.53,5.72,0,0,0
1127,397.77,269.84,-127.93,Stable,44.07,2006,35648,10.48,5.72,1.74,528,6.27,663.58,6.5,0.88,0.77,-0.11
162,138.7,269.84,131.14,Positive,44.07,2007,18000,9.8,10.71,2.37,677,6.52,254.9,5.54,0.07,0.17,0.1
827,1102.02,398.78,-703.24,Negative,42.12,1980,237637,12.38,4.01,1.39,4123,8.32,4078.84,8.31,0,0,0
1082,1321.52,945.27,-376.25,Negative,42.8,1980,1.00E+05,11.51,6.19,1.82,1572,7.36,2699.88,7.9,0,0,0
440,624.18,179.99,-444.19,Negative,44.09,1986,38600,10.56,10.9,2.39,184,5.21,818.91,6.71,0,0,0
267,992.67,593.31,-399.36,Negative,45.05,1999,38882,10.57,11.88,2.47,443,6.09,274.65,5.62,0,0,0
814,606.31,564.91,-41.4,Stable,44.88,1985,126990,11.75,9.67,2.27,45,3.81,198.295,5.29,0,0,0
232,397.77,804.59,406.83,Positive,44.82,2002,62190,11.04,11.6,2.45,22,3.09,146.34,4.99,0,0,0
819,272.54,138.7,-133.84,Stable,44.01,1980,126000,11.74,6.95,1.94,627,6.44,442.3,6.09,0.49,0.27,-0.22
680,979.21,595.21,-384.01,Negative,45,1997,106284,11.57,7.37,2,466,6.14,1126.58,7.03,0.01,0,-0.01
816,312.58,690.3,377.72,Positive,44.69,1986,23800,10.08,10.03,2.31,34,3.53,145.22,4.98,0,0,0
231,0,138.7,138.7,Positive,44.43,2004,24915,10.12,19.6,2.98,73,4.29,195.08,5.27,0,0,0
570,654.18,138.7,-515.48,Negative,44.01,2000,23500,10.06,6.99,1.94,911,6.81,718.42,6.58,0.55,0.94,0.39
674,437.97,397.77,-40.21,Stable,44.67,1998,98900,11.5,7.82,2.06,244,5.5,1088.18,6.99,0.06,0,-0.06
676,606.31,547.3,-59.02,Stable,44.49,2000,52823,10.87,10.41,2.34,400,5.99,535.04,6.28,0,0,0
21,269.84,138.7,-131.14,Stable,43.73,1991,53940,10.9,8.47,2.14,696,6.55,539.85,6.29,0.74,0.56,-0.18
817,569.11,269.84,-299.27,Negative,44.18,1985,1078600,13.89,9.63,2.26,534,6.28,1059.77,6.97,0,0,0
786,716.62,725.16,8.53,Stable,44.38,1998,136800,11.83,12.12,2.49,778,6.66,785.67,6.67,0,0,0
269,397.77,610.87,213.1,Positive,44.13,2001,33823,10.43,13.02,2.57,24,3.18,145.4,4.98,0,0,0
233,138.7,269.84,131.14,Positive,43.32,2002,42756,10.66,11.82,2.47,537,6.29,355.32,5.87,0.94,0.18,-0.76
1148,269.84,269.84,0,Stable,42.93,2001,108700,11.6,8.36,2.12,969,6.88,173.08,5.15,0,0.16,0.16
383,679.42,730.72,51.29,Stable,44.22,1997,100400,11.52,10.32,2.33,978,6.89,1168.205,7.06,0,0.01,0.01
682,606.31,554.11,-52.2,Stable,43.98,1997,120000,11.7,12.83,2.55,631,6.45,583.365,6.37,0,0,0
1122,269.84,266.63,-3.21,Stable,42.96,1990,115253,11.65,7.7,2.04,587,6.38,445.64,6.1,0.93,0.32,-0.61
380,397.77,269.84,-127.93,Stable,42.98,1996,77300,11.26,8.98,2.19,814,6.7,491.8,6.2,0.49,0.39,-0.1
263,138.7,138.7,0,Stable,44.02,2007,191164,12.16,8,2.08,326,5.79,1220.09,7.11,0,0,0
1080,729.64,348.6,-381.04,Negative,40.45,1986,7800000,15.87,1.25,0.22,4692,8.45,1266.01,7.14,0,0,0
338,397.77,138.7,-259.07,Negative,39.15,2005,125600,11.74,12.26,2.51,1046,6.95,1341.41,7.2,0,0,0
830,440.6,272.54,-168.06,Stable,41.17,1983,395420,12.89,2.9,1.06,41,3.71,916.88,6.82,0,0,0
646,0,0,0,Stable,43.7,1996,32000,10.37,12.42,2.52,68,4.22,940.5,6.85,0,0,0
823,679.42,269.84,-409.59,Negative,43.27,1987,119413,11.69,7.01,1.95,180,5.19,1267.705,7.14,0.01,0,-0.01
787,871.68,595.21,-276.47,Negative,43.33,2000,45438,10.72,8.65,2.16,790,6.67,1416.56,7.26,0,0,0
268,569.11,307.04,-262.07,Negative,42.95,2001,23471,10.06,15.13,2.72,51,3.93,253.39,5.53,0,0,0
826,657.47,791.31,133.84,Positive,41.96,1960,196475,12.19,5.13,1.64,1853,7.52,1177.58,7.07,0,0.98,0.98
825,269.84,269.84,0,Stable,42.36,1991,15061,9.62,7.64,2.03,776,6.65,659.17,6.49,0.79,0.55,-0.24
229,266.63,391.5,124.87,Positive,42.28,1991,22230,10.01,13.18,2.58,654,6.48,459.57,6.13,0.93,0.12,-0.81
258,576.21,804.07,227.86,Positive,42.3,2007,51205,10.84,21.47,3.07,256,5.55,85.35,4.45,0.49,0,-0.49
22,994.11,1120.23,126.12,Positive,41.94,1990,530000,13.18,12.41,2.52,1230,7.11,192.265,5.26,0.58,0.01,-0.57
273,138.7,138.7,0,Stable,42.75,2001,30595,10.33,10.69,2.37,76,4.33,1102.55,7.01,0,0,0
738,757.39,269.84,-487.55,Negative,42.57,1998,30089,10.31,10.19,2.32,261,5.56,1499.23,7.31,0.06,0,-0.06
671,714.63,138.7,-575.93,Negative,42.41,1998,42500,10.66,10.49,2.35,214,5.37,1387.1,7.23,0.21,0,-0.21
378,960.19,1080.76,120.56,Positive,42.06,1996,86800,11.37,15.09,2.71,617,6.42,655.075,6.48,0,0,0
1131,550.55,269.84,-280.71,Negative,40.79,1987,8.00E+05,13.59,2.54,0.93,2083,7.64,1750.51,7.47,0,0,0
792,397.77,138.7,-259.07,Negative,41.89,1998,52700,10.87,0.04,-3.22,215,5.37,1577.05,7.36,0,0,0
489,978.26,857.14,-121.12,Stable,42.27,2002,32620,10.39,13,2.56,358,5.88,1468.86,7.29,0.02,0,-0.02
1013,175.9,138.7,-37.2,Stable,42.11,1985,68000,11.13,2.63,0.97,149,5,900.645,6.8,0,0,0
488,941.6,999.13,57.54,Stable,41.94,2002,50600,10.83,14.13,2.65,671,6.51,1154.755,7.05,0.07,0,-0.07
831,636.93,636.93,0,Stable,41.31,1981,19183,9.86,8.32,2.12,909,6.81,639.24,6.46,0.81,0.48,-0.33
850,554.66,445.64,-109.02,Stable,36.63,1984,1500000,14.22,1.8,0.59,5141,8.55,4717.265,8.46,0,0,0
487,988.08,999.13,11.05,Stable,41.66,2002,40038,10.6,12.03,2.49,804,6.69,1049.28,6.96,0.5,0.01,-0.49
1014,1141.57,984.27,-157.3,Stable,41.47,1996,27638,10.23,11.64,2.45,979,6.89,1195.38,7.09,0,0.35,0.35
832,644.84,424.16,-220.68,Stable,41.06,1985,80000,11.29,18.9,2.94,13,2.56,3.715,1.31,0,0,0
1158,269.84,0,-269.84,Negative,40.09,1992,660000,13.4,2.85,1.05,1459,7.29,1048.76,6.96,0,0,0
80,550.55,0,-550.55,Negative,40.51,2002,324200,12.69,3.67,1.3,485,6.18,1282.675,7.16,0,0,0
683,138.7,0,-138.7,Stable,41.5,2001,49650,10.81,8.86,2.18,164,5.1,1578,7.36,0,0,0
563,307.04,0,-307.04,Negative,41.08,2003,83160,11.33,8.16,2.1,810,6.7,1394.37,7.24,0,0,0
1138,679.2,266.63,-412.57,Negative,40.87,1996,388577,12.87,13.11,2.57,1226,7.11,1581.155,7.37,0,0,0
146,1170.3,970.75,-199.55,Stable,40.93,2007,17680,9.78,15.48,2.74,604,6.4,639.42,6.46,0.28,0.03,-0.25
147,930.26,1218.08,287.82,Positive,41,2003,45225,10.72,14.15,2.65,565,6.34,641.39,6.46,0.01,0.02,0.01
568,880.54,1046.37,165.83,Positive,40.82,2001,17440,9.77,15.49,2.74,823,6.71,364.87,5.9,0.02,0.05,0.03
1125,269.84,0,-269.84,Negative,39.85,1994,88178,11.39,4.9,1.59,657,6.49,1330.65,7.19,0,0,0
79,269.84,0,-269.84,Negative,40.13,2001,39840,10.59,8.64,2.16,366,5.9,1171.935,7.07,0,0,0
1189,303.83,138.7,-165.13,Stable,40.56,1999,717060,13.48,0.02,-3.91,459,6.13,1313.98,7.18,0,0,0
1183,307.04,0,-307.04,Negative,40.98,1993,29300,10.29,8.17,2.1,41,3.71,1021.8,6.93,0,0.05,0.05
710,812.77,1218.08,405.3,Positive,40.74,2001,69912,11.15,13.61,2.61,665,6.5,527.92,6.27,0,0.01,0.01
1147,307.04,0,-307.04,Negative,40.72,1995,123600,11.72,5.73,1.75,901,6.8,1407.77,7.25,0,0,0
701,436.99,138.7,-298.29,Negative,40.84,1996,36800,10.51,15.87,2.76,425,6.05,1342.48,7.2,0,0,0
1159,550.55,269.84,-280.71,Negative,39.47,1982,396000,12.89,1.31,0.27,4182,8.34,2564.21,7.85,0,0,0
1153,513.35,138.7,-374.65,Negative,39.57,2001,480000,13.08,1.11,0.1,3549,8.17,2948.27,7.99,0,0,0
540,513.35,0,-513.35,Negative,39.91,1996,68250,11.13,5.58,1.72,1774,7.48,2020.905,7.61,0,0,0
524,558.51,0,-558.51,Negative,39.89,2002,152900,11.94,4.9,1.59,2916,7.98,1975.47,7.59,0,0,0
523,266.63,0,-266.63,Negative,40.12,2002,163400,12,7.13,1.96,227,5.42,1233.93,7.12,0,0,0
672,564.91,0,-564.91,Negative,40.7,2000,22700,10.03,19.76,2.98,882,6.78,1209.07,7.1,0,0,0
150,1163.49,1217.04,53.55,Stable,40.43,2007,16088,9.69,16.14,2.78,1055,6.96,737.57,6.6,0.23,0.1,-0.13
1084,269.84,138.7,-131.14,Stable,39.46,1982,9640,9.17,2.54,0.93,2768,7.93,2522.085,7.83,0,0,0
1152,434.97,266.63,-168.34,Stable,39.13,1982,1360000,14.12,0.37,-0.99,3297,8.1,3887.205,8.27,0,0,0
1157,175.9,138.7,-37.2,Stable,37.36,2001,3200000,14.98,0,#NUM!,5224,8.56,4099.045,8.32,0,0,0
1188,434.97,138.7,-296.27,Negative,39.7,1997,489011,13.1,0,#NUM!,509,6.23,1298.605,7.17,0,0,0
1132,434.97,0,-434.97,Negative,39.7,1986,474500,13.07,5.11,1.63,1091,6.99,1417.7,7.26,0,0,0
753,307.04,0,-307.04,Negative,40.12,2003,85750,11.36,5.38,1.68,180,5.19,1237.615,7.12,0,0,0
535,927.84,498.04,-429.8,Negative,39.89,2002,69600,11.15,21.43,3.06,595,6.39,1027.77,6.94,0.02,0,-0.02
837,1353.79,817.12,-536.66,Negative,39.95,1983,21833,9.99,9.54,2.26,1922,7.56,1636.16,7.4,0.44,0.22,-0.22
791,303.83,0,-303.83,Negative,39.64,1999,90570,11.41,2.5,0.92,292,5.68,1290.355,7.16,0,0,0
1005,146.7,0,-146.7,Stable,36.68,1983,4500000,15.32,0,#NUM!,3117,8.04,4866.565,8.49,0,0,0
1088,754.82,138.7,-616.13,Negative,39.04,1992,67710,11.12,4.71,1.55,2365,7.77,1448.23,7.28,0,0,0
562,307.04,0,-307.04,Negative,39.24,2003,144800,11.88,4.91,1.59,303,5.71,1364.195,7.22,0,0,0
534,952.99,685.98,-267.01,Negative,39.37,2002,27426,10.22,13.18,2.58,1211,7.1,1703.84,7.44,0.01,0,-0.01
841,303.83,138.7,-165.13,Stable,38.77,1982,389900,12.87,5.74,1.75,367,5.91,1388.81,7.24,0,0,0
840,754.82,138.7,-616.13,Negative,38.93,1982,157800,11.97,11.45,2.44,2261,7.72,1909.67,7.55,0,0,0
1139,1093.32,927.43,-165.88,Stable,39.2,2002,134700,11.81,12.22,2.5,952,6.86,1079.475,6.98,0.08,0,-0.08
265,307.04,138.7,-168.34,Stable,39.03,2003,38000,10.55,6.26,1.83,230,5.44,1414.85,7.25,0,0,0
300,552.09,266.63,-285.46,Negative,39.02,2005,18642,9.83,19.45,2.97,405,6,998.15,6.91,0,0,0
138,884.52,724,-160.51,Stable,38.92,2002,31200,10.35,22,3.09,10,2.3,8.44,2.13,0,0.04,0.04
703,514.89,552.09,37.2,Stable,38.78,1999,34887,10.46,27.73,3.32,8,2.08,2.83,1.04,0,0.09,0.09
1006,274.63,280.51,5.88,Stable,34.13,1993,29800000,17.21,0,#NUM!,2247,7.72,5045.07,8.53,0,0,0
647,307.04,0,-307.04,Negative,38.84,1998,46410,10.75,5.36,1.68,201,5.3,1264.82,7.14,0,0,0
1155,311.79,138.7,-173.09,Stable,37.9,2005,934700,13.75,8.5,2.14,2424,7.79,3722.12,8.22,0.02,0,-0.02
844,311.79,266.63,-45.16,Stable,38.04,1987,230000,12.35,7.32,1.99,2823,7.95,3364.95,8.12,0,0,0
82,175.9,0,-175.9,Stable,38.5,2005,51070,10.84,15.94,2.77,1227,7.11,1736.48,7.46,0,0,0
1190,175.9,0,-175.9,Stable,38.31,2003,1006450,13.82,1,0,282,5.64,1365.9,7.22,0,0,0
843,1219.16,636.74,-582.42,Negative,38.68,1980,21453,9.97,11.33,2.43,1397,7.24,1942.29,7.57,0,0.02,0.02
677,307.04,138.7,-168.34,Stable,38.51,2000,31250,10.35,8.33,2.12,140,4.94,1286.35,7.16,0,0,0
537,547.3,626.98,79.68,Positive,38.45,2002,39800,10.59,21.94,3.09,374,5.92,843.57,6.74,0.07,0,-0.07
845,307.04,0,-307.04,Negative,38.14,1985,74800,11.22,16.44,2.8,351,5.86,1186.29,7.08,0,0,0
266,307.04,138.7,-168.34,Stable,38.18,2003,83246,11.33,7.13,1.96,259,5.56,1344.23,7.2,0,0,0
141,386.96,424.16,37.2,Stable,38.13,2005,16800,9.73,17.34,2.85,8,2.08,5.61,1.72,0,0,0
751,307.04,138.7,-168.34,Stable,38.1,2002,19500,9.88,14.37,2.67,41,3.71,1123.12,7.02,0,0,0
555,1107.12,817.12,-290,Negative,38.15,2002,24900,10.12,11.26,2.42,872,6.77,1425.33,7.26,0.02,0,-0.02
297,639.76,1230.34,590.57,Positive,37.92,1996,173100,12.06,22.71,3.12,296,5.69,87.26,4.47,0,0,0
1178,307.04,138.7,-168.34,Stable,37.31,2000,373400,12.83,3.22,1.17,1786,7.49,3133.085,8.05,0,0,0
1177,307.04,0,-307.04,Negative,37.14,2000,41100,10.62,3.45,1.24,92,4.52,2818.34,7.94,0,0.01,0.01
278,434.97,138.7,-296.27,Negative,37.78,1998,84000,11.34,8.27,2.11,360,5.89,1437.85,7.27,0,0,0
847,1344.03,679.5,-664.53,Negative,37.85,1980,10466,9.26,11.48,2.44,1356,7.21,1957.97,7.58,0.03,0.06,0.03
1062,138.7,0,-138.7,Stable,35.39,1995,4500000,15.32,0,#NUM!,2438,7.8,4895.7,8.5,0,0,0
852,183.86,138.7,-45.16,Stable,36.92,1975,495200,13.11,4.81,1.57,1322,7.19,3218.18,8.08,0.01,0,-0.01
530,792.35,643.83,-148.52,Stable,37.64,2002,15300,9.64,21.08,3.05,533,6.28,921.83,6.83,0.02,0,-0.02
715,1050.14,1012.94,-37.2,Stable,37.26,1999,17900,9.79,18.16,2.9,292,5.68,147.59,4.99,0.01,0,-0.01
279,485.69,266.63,-219.06,Stable,37.02,2005,198300,12.2,16.69,2.81,1938,7.57,2885.7,7.97,0.25,0,-0.25
853,183.86,0,-183.86,Stable,37.12,1980,10875,9.29,10.08,2.31,1231,7.12,2629.09,7.87,0,0,0
539,1380.45,1291.14,-89.31,Stable,37.33,2002,35352,10.47,14.18,2.65,721,6.58,1485.09,7.3,0.03,0.26,0.23
280,307.04,0,-307.04,Negative,36.3,2005,118000,11.68,3.76,1.32,1388,7.24,3414.6,8.14,0,0,0
1149,318.27,269.44,-48.83,Stable,36.68,2001,47930,10.78,13.67,2.62,1610,7.38,2501.06,7.82,0,0,0
538,1660.81,1194.96,-465.85,Negative,36.95,2002,39047,10.57,12.14,2.5,1310,7.18,1139.84,7.04,0.02,0.2,0.18
553,1365.58,1194.96,-170.62,Stable,36.67,2002,32700,10.4,12.26,2.51,1115,7.02,1341.63,7.2,0,0.31,0.31
149,773.78,516.91,-256.87,Negative,36.7,2006,21600,9.98,29.58,3.39,295,5.69,243.83,5.5,0,0,0
1134,1040.58,779.29,-261.29,Negative,33.98,2000,15230000,16.54,3.26,1.18,3690,8.21,4565.41,8.43,0,0,0
855,1200.99,679.5,-521.5,Negative,36.55,1993,14350,9.57,12.28,2.51,771,6.65,1415.8,7.26,0.36,0.15,-0.21
856,898.86,1178.98,280.12,Positive,36.2,2000,44855,10.71,27.62,3.32,928,6.83,170.38,5.14,0,0.02,0.02
308,977.08,498.04,-479.04,Negative,36.28,2009,20317,9.92,13.52,2.6,430,6.06,1154.47,7.05,0.05,0.02,-0.03
857,1148.28,651.58,-496.7,Negative,36.03,1999,18000,9.8,15.72,2.75,857,6.75,258.54,5.56,0,0.03,0.03
859,492.17,266.63,-225.54,Stable,35.73,1980,17290,9.76,13.62,2.61,2575,7.85,2784.985,7.93,0.01,0,-0.01
1133,459.1,619.69,160.59,Positive,35.8,1986,333000,12.72,16.42,2.8,2023,7.61,2291.84,7.74,0,0,0
81,1025.15,426.87,-598.29,Negative,35.82,2005,242106,12.4,15.47,2.74,560,6.33,1255.06,7.13,0.26,0,-0.26
8,1524.48,911.68,-612.8,Negative,35.94,2001,81753,11.31,8.19,2.1,821,6.71,1312.93,7.18,0,0.15,0.15
84,501.86,266.63,-235.23,Stable,35.6,2005,84700,11.35,15.81,2.76,722,6.58,2098.775,7.65,0,0,0
858,746.77,468.03,-278.74,Negative,35.62,1982,67800,11.12,15.35,2.73,1097,7,2210.67,7.7,0,0.02,0.02
494,1169.83,395.78,-774.05,Negative,35.89,1999,40621,10.61,10.34,2.34,538,6.29,1424.525,7.26,0.03,0.29,0.26
1089,736.41,551.1,-185.31,Stable,35.51,1982,16283,9.7,14.44,2.67,914,6.82,1842.315,7.52,0,0.02,0.02
1185,523.16,266.63,-256.53,Negative,31.35,2000,560000,13.24,2.24,0.81,2428,7.79,4786.135,8.47,0,0,0
559,1429.55,911.68,-517.86,Negative,35.5,2004,35563,10.48,12.39,2.52,674,6.51,1337.9,7.2,0,0.25,0.25
309,1676.75,869.26,-807.49,Negative,35.48,2003,60439,11.01,18.2,2.9,961,6.87,659.785,6.49,0,0.01,0.01
543,1623.73,1199.91,-423.82,Negative,35.55,2002,23100,10.05,17.77,2.88,1092,7,821.05,6.71,0,0.12,0.12
549,1641.64,1682.97,41.33,Stable,35.38,2002,93800,11.45,15.28,2.73,905,6.81,821.23,6.71,0,0.04,0.04
748,888.07,485.22,-402.84,Negative,35.55,1990,40000,10.6,21.24,3.06,665,6.5,114.44,4.74,0,0,0
319,857.39,636.74,-220.65,Stable,35.4,2004,25871,10.16,13.54,2.61,581,6.36,1230.98,7.12,0,0.01,0.01
861,2070.32,1461.02,-609.29,Negative,35.39,1983,24800,10.12,11.49,2.44,1765,7.48,1160.985,7.06,0.16,0.47,0.31
862,514.89,434.97,-79.92,Stable,34.85,1994,127500,11.76,15.65,2.75,40,3.69,33.13,3.5,0,0.09,0.09
335,0,0,0,Stable,32.3,2008,41173,10.63,1.19,0.17,778,6.66,4604.67,8.43,0,0,0
1018,628.04,704.97,76.92,Positive,35.04,1982,12551,9.44,12.13,2.5,1754,7.47,2809.96,7.94,0.09,0.01,-0.08
749,982.8,267.64,-715.16,Negative,35.2,1996,57348,10.96,15.27,2.73,423,6.05,525.79,6.26,0,0,0
1017,1345.15,773.07,-572.09,Negative,35.19,1982,56600,10.94,21.58,3.07,881,6.78,364.23,5.9,0,0.03,0.03
1123,2250.56,1008.84,-1241.72,Negative,34.8,2001,6559,8.79,11.83,2.47,1654,7.41,1813.29,7.5,0.27,0.51,0.24
544,1829.29,1100.43,-728.86,Negative,35.04,2002,23900,10.08,10.5,2.35,1054,6.96,1010.95,6.92,0.2,0.43,0.23
156,386.96,269.84,-117.12,Stable,35,1988,22780,10.03,21.99,3.09,16,2.77,72.34,4.28,0,0,0
1126,1533.17,1575.53,42.36,Stable,34.41,2005,287759,12.57,8.76,2.17,2024,7.61,3318.275,8.11,0.06,0.02,-0.04
384,1276.46,655.91,-620.55,Negative,34.83,1995,68000,11.13,19.14,2.95,610,6.41,606.44,6.41,0,0,0
1120,400.49,397.77,-2.72,Stable,33.48,1983,453300,13.02,18.27,2.91,14,2.64,1.02,0.02,0,0.03,0.03
1063,1020.1,911.99,-108.11,Stable,34.3,1982,247431,12.42,11.34,2.43,1244,7.13,3613.64,8.19,0.45,0,-0.45
525,1152.48,1029.9,-122.58,Stable,34.41,2002,64000,11.07,15.94,2.77,990,6.9,2624.275,7.87,0.17,0,-0.17
1065,416.87,138.7,-278.17,Negative,33.62,1997,669800,13.41,6.96,1.94,1100,7,4560.76,8.43,0,0,0
85,264.09,437.74,173.65,Positive,34,2005,27416,10.22,11.61,2.45,882,6.78,3658.44,8.2,0.12,0,-0.12
866,1131.32,1061.8,-69.52,Stable,34.07,1965,20000,9.9,8.54,2.14,1753,7.47,3172.89,8.06,0.4,0.06,-0.34
78,1530.15,1585.95,55.8,Stable,34.08,2004,55275,10.92,8.13,2.1,2212,7.7,3154.815,8.06,0.43,0.09,-0.34
77,2496.11,2302.48,-193.63,Stable,33.98,2004,135536,11.82,8.15,2.1,2625,7.87,2882.82,7.97,0.33,0.2,-0.13
1174,138.7,138.7,0,Stable,30.69,2008,97499,11.49,1.74,0.55,2042,7.62,4631.55,8.44,0,0.01,0.01
1064,1254.87,1101.58,-153.29,Stable,33.68,1995,375000,12.83,11.05,2.4,1094,7,3516.52,8.17,0.08,0,-0.08
1019,1328.23,1478.9,150.67,Positive,33.72,1994,166571,12.02,10.85,2.38,301,5.71,3453.44,8.15,0.6,0,-0.6
1029,0,0,0,Stable,31.42,1993,2032380,14.52,2.21,0.79,1824,7.51,4691.03,8.45,0,0,0
89,2140.4,1695.91,-444.49,Negative,33.78,2005,114361,11.65,11.74,2.46,2875,7.96,2457.16,7.81,0.06,0.3,0.24
556,2222.36,1705.19,-517.17,Negative,33.93,2003,17500,9.77,12.87,2.55,1144,7.04,1363.43,7.22,0.9,0.35,-0.55
868,2001.08,2093.28,92.19,Positive,33.96,1965,56325,10.94,5.22,1.65,2241,7.71,2405.995,7.79,0.81,0.97,0.16
1171,2749.75,2067.11,-682.64,Negative,33.83,1982,184350,12.12,12.83,2.55,1059,6.97,1009.725,6.92,0.69,0.42,-0.27
76,2083.35,1193.02,-890.34,Negative,33.73,2005,52441,10.87,15.37,2.73,888,6.79,1289.12,7.16,0.76,0.02,-0.74
872,2314.07,1712.77,-601.3,Negative,33.67,1982,31937,10.37,11.86,2.47,1722,7.45,1324.475,7.19,0.85,0.37,-0.48
1071,2189.64,1707.36,-482.28,Negative,33.72,2002,13800,9.53,7.06,1.95,1458,7.28,1639.35,7.4,0.96,0.96,0
1072,1986.04,1818.11,-167.92,Stable,33.74,2004,13492,9.51,6.24,1.83,1606,7.38,1612.89,7.39,0.92,0.99,0.07
1075,1542.15,2200.52,658.37,Positive,33.79,2006,21865,9.99,7.3,1.99,1513,7.32,2157.63,7.68,0.99,0.99,0
870,2178.57,2217.39,38.83,Stable,33.79,1988,56393,10.94,5.63,1.73,1614,7.39,1888.825,7.54,0.85,1,0.15
871,2805.71,2389.93,-415.78,Negative,33.75,1982,56024,10.93,10,2.3,1388,7.24,1205.635,7.09,0.5,0.74,0.24
1121,266.63,397.77,131.14,Positive,33.35,1986,78000,11.26,17.48,2.86,4,1.39,0.77,-0.26,0,0,0
1066,693.7,403.68,-290.02,Negative,32.74,1995,155400,11.95,7.65,2.03,1903,7.55,4525.69,8.42,0.02,0,-0.02
322,2895.69,2066.48,-829.21,Negative,33.27,2009,147844,11.9,7.11,1.96,2804,7.94,2524.64,7.83,0.13,0.54,0.41
529,2042.58,1511.08,-531.5,Negative,33.43,2002,74944,11.22,15.28,2.73,1706,7.44,1800.65,7.5,0.27,0.03,-0.24
1021,2621.24,1978.46,-642.78,Negative,33.62,1995,29906,10.31,6.77,1.91,1747,7.47,1523.65,7.33,0.92,0.96,0.04
1077,2756.91,2001.3,-755.61,Negative,33.64,2002,25500,10.15,5.44,1.69,1622,7.39,1493.51,7.31,0.67,0.88,0.21
1069,2619.79,2347.63,-272.16,Negative,33.52,2006,15578,9.65,7.25,1.98,1643,7.4,1596.5,7.38,0.57,0.93,0.36
316,2474.03,1505.71,-968.31,Negative,33.53,2004,21685,9.98,13.3,2.59,1011,6.92,1021.93,6.93,0.4,0.36,-0.04
1,514.89,397.77,-117.12,Stable,33.19,2004,54000,10.9,14.66,2.69,30,3.4,11.74,2.46,0.06,0.02,-0.04
1176,138.7,0,-138.7,Stable,31.11,2010,94041,11.45,1.42,0.35,1007,6.91,4790.9,8.47,0,0,0
1022,820.8,483.72,-337.09,Negative,32.81,2001,365870,12.81,10.7,2.37,1890,7.54,3929.065,8.28,0.05,0,-0.05
876,2412.16,1791.5,-620.66,Negative,33.13,1978,72000,11.18,6.66,1.9,2825,7.95,3459.41,8.15,0.33,0.56,0.23
0,3121.4,2085.71,-1035.69,Negative,33.23,2006,91712,11.43,9.33,2.23,2625,7.87,2457.01,7.81,0.18,0.45,0.27
313,2291.49,1433.23,-858.26,Negative,33.33,2006,56000,10.93,14.81,2.7,926,6.83,991.31,6.9,0.86,0.1,-0.76
874,2425.45,1440.39,-985.06,Negative,33.4,1983,17549,9.77,9.91,2.29,1213,7.1,996.33,6.9,0.7,0.51,-0.19
1169,2565.45,1506.37,-1059.08,Negative,33.19,1998,78015,11.26,14.01,2.64,1121,7.02,548.92,6.31,0.23,0.14,-0.09
65,397.77,397.77,0,Stable,32.9,2006,21000,9.95,12.32,2.51,45,3.81,21.06,3.05,0.02,0.02,0
880,1703.09,1102.54,-600.55,Negative,32.94,1963,32297,10.38,6.03,1.8,2085,7.64,3832.4,8.25,0.31,0.23,-0.08
881,2366.01,1721.23,-644.78,Negative,32.77,1983,55051,10.92,6.03,1.8,3267,8.09,3519.665,8.17,0.59,0.45,-0.14
879,4470.35,3378.74,-1091.61,Negative,32.8,1963,213750,12.27,8.21,2.11,3289,8.1,1689.2,7.43,0.66,0.39,-0.27
326,634.85,342.87,-291.98,Negative,32.42,2002,82834,11.32,11.42,2.44,1208,7.1,3919.94,8.27,0.35,0,-0.35
622,1188.95,269.84,-919.11,Negative,32.8,2001,64027,11.07,15.23,2.72,330,5.8,198.995,5.29,0,0.01,0.01
1154,3285.46,2169.73,-1115.73,Negative,32.43,1993,63615,11.06,5.42,1.69,3345,8.12,2952.44,7.99,0.67,0.85,0.18
1024,3968.25,2493.95,-1474.31,Negative,32.65,1993,28227,10.25,5.14,1.64,2770,7.93,2141.2,7.67,0.64,0.95,0.31
726,2400.88,1050.63,-1350.25,Negative,32.59,2001,30760,10.33,10.07,2.31,1513,7.32,1075.98,6.98,0.56,0.14,-0.42
882,2901.33,3191.9,290.57,Positive,32.64,1991,40155,10.6,9.31,2.23,1591,7.37,1570.24,7.36,0.88,0.9,0.02
1173,138.7,138.7,0,Stable,30.6,2001,1099800,13.91,4.95,1.6,2679,7.89,4897.325,8.5,0,0,0
1026,1637.47,919.41,-718.06,Negative,32.26,2001,62300,11.04,6.99,1.94,2424,7.79,4016.91,8.3,0.53,0.24,-0.29
1025,4072.05,2620.62,-1451.43,Negative,32.3,1993,76710,11.25,5.74,1.75,3460,8.15,2907.03,7.97,0.61,0.73,0.12
438,3488.86,3213.29,-275.57,Negative,32.4,1986,63000,11.05,8.49,2.14,1529,7.33,1151.95,7.05,0.56,0.9,0.34
210,527.71,138.7,-389.02,Negative,32.55,2003,45103,10.72,20.62,3.03,314,5.75,163.43,5.1,0,0,0
892,276.84,397.77,120.92,Positive,31.41,1993,63700,11.06,7.23,1.98,1000,6.91,4640.425,8.44,0.12,0,-0.12
236,252.99,397.77,144.78,Positive,31.82,2002,21491,9.98,26.68,3.28,27,3.3,2.64,0.97,0,0,0
437,3705.6,2104.41,-1601.19,Negative,32.08,1994,44400,10.7,5.37,1.68,2471,7.81,2030.37,7.62,0.51,0.97,0.46
1028,5863.89,6450.51,586.62,Positive,31.89,1979,136017,11.82,8.44,2.13,2036,7.62,1693.095,7.43,0.77,0.95,0.18
211,3523.39,2766,-757.4,Negative,32.07,2004,36892,10.52,12.03,2.49,1242,7.12,787.835,6.67,0.55,0.47,-0.08
799,1090.57,264.27,-826.3,Negative,28.59,1988,3400000,15.04,4.07,1.4,6287,8.75,4935.94,8.5,0,0,0
336,523.16,138.7,-384.46,Negative,30.65,2008,89541,11.4,4.98,1.61,1492,7.31,5019.79,8.52,0.08,0,-0.08
1030,4077.98,1488.86,-2589.12,Negative,31.88,1985,19550,9.88,6.35,1.85,2129,7.66,2532.89,7.84,0.55,0.82,0.27
328,2178.71,1429.19,-749.52,Negative,31.92,2001,27900,10.24,14.14,2.65,867,6.77,693.56,6.54,0.91,0.41,-0.5
486,5493.91,6068.42,574.5,Positive,32.03,2001,28103,10.24,6.45,1.86,1963,7.58,1828.5,7.51,0.38,0.98,0.6
1032,1133.85,884.83,-249.02,Negative,31.3,1998,141474,11.86,9.16,2.21,2339,7.76,4165.23,8.33,0.47,0.02,-0.45
1031,4352.4,3602.53,-749.87,Negative,31.55,1999,63700,11.06,9.45,2.25,4106,8.32,2161.79,7.68,0,0.76,0.76
720,5455.15,5342.66,-112.49,Stable,31.75,1987,47200,10.76,7.01,1.95,1723,7.45,1174.2,7.07,0.79,0.93,0.14
155,3114.52,2235.13,-879.39,Negative,31.64,2004,109930,11.61,12.26,2.51,859,6.76,246.015,5.51,0.48,0.27,-0.21
630,617.4,641.17,23.78,Stable,31.04,1995,140600,11.85,6.35,1.85,1797,7.49,4168.51,8.34,0.07,0.01,-0.06
895,709.18,573.3,-135.88,Stable,31.16,1987,22300,10.01,9.8,2.28,1616,7.39,4119.98,8.32,0.15,0.04,-0.11
1160,3216.16,2505.19,-710.97,Negative,31.42,1995,160732,11.99,5.34,1.68,3700,8.22,3643.13,8.2,0.65,0.69,0.04
325,2011.75,665.76,-1345.98,Negative,31.57,2003,12162,9.41,14.72,2.69,540,6.29,508.9,6.23,0.7,0.08,-0.62
628,2726.96,1627.24,-1099.72,Negative,31.65,1996,48200,10.78,13.02,2.57,854,6.75,729.77,6.59,0.76,0.48,-0.28
719,5664.76,6253.42,588.67,Positive,31.62,1988,30500,10.33,8.13,2.1,1832,7.51,1519.82,7.33,0.88,0.94,0.06
1045,640.28,266.63,-373.66,Negative,29.36,1993,614350,13.33,9.79,2.28,1860,7.53,4317.46,8.37,0,0,0
1067,625.09,1272.23,647.15,Positive,30.84,1995,143683,11.88,7.63,2.03,2267,7.73,4494.645,8.41,0.11,0,-0.11
894,5135.31,3955.84,-1179.47,Negative,30.92,1963,2.00E+05,12.21,6.46,1.87,4396,8.39,3609.47,8.19,0.79,0.68,-0.11
1034,3961.85,2893,-1068.86,Negative,31.3,2000,55678,10.93,5.85,1.77,4160,8.33,2879.45,7.97,0.54,0.74,0.2
893,4054.51,3547.39,-507.12,Negative,31.19,1993,34000,10.43,11.1,2.41,3789,8.24,1978.335,7.59,0,0.66,0.66
1033,3631.79,2573.82,-1057.97,Negative,31.34,1996,30150,10.31,9.43,2.24,3460,8.15,2770.84,7.93,0,0.91,0.91
704,3509.63,1158.77,-2350.86,Negative,31.42,1999,26260,10.18,11.89,2.48,873,6.77,738.42,6.6,0.41,0.55,0.14
583,5617.01,3730.35,-1886.67,Negative,31.48,2000,22400,10.02,9.64,2.27,1823,7.51,1039.12,6.95,0.67,0.7,0.03
891,6505.89,7207.49,701.6,Positive,31.46,1986,70467,11.16,7.37,2,2664,7.89,1821.11,7.51,0.76,0.98,0.22
1035,4342.92,4165.46,-177.46,Stable,31.3,1982,28914,10.27,9.79,2.28,1436,7.27,641.795,6.46,0.68,0.81,0.13
1136,1602.85,2940.06,1337.21,Positive,29.47,2003,2014981,14.52,3.34,1.21,3727,8.22,4311.13,8.37,0.43,0.02,-0.41
1041,4423.05,4323.6,-99.45,Stable,29.58,1985,961800,13.78,2.07,0.73,5957,8.69,3642.12,8.2,0.23,0.27,0.04
765,4803.31,897.67,-3905.64,Negative,31.29,2000,35300,10.47,13.28,2.59,1965,7.58,743.58,6.61,0.55,0.32,-0.23
1038,830.47,707.14,-123.33,Stable,30.61,2000,171065,12.05,8.33,2.12,2031,7.62,4197.4,8.34,0.27,0.03,-0.24
581,3171.03,537.47,-2633.56,Negative,31.16,2000,23452,10.06,14.88,2.7,971,6.88,555.12,6.32,0.18,0.17,-0.01
70,3745.99,3507.44,-238.55,Negative,30.67,1982,43333,10.68,13.17,2.58,965,6.87,268.08,5.59,0.63,0.59,-0.04
649,1276.53,712.17,-564.35,Negative,30.64,1998,62100,11.04,5.76,1.75,2675,7.89,4063.185,8.31,0.39,0.39,0
897,4510.19,3078.96,-1431.23,Negative,30.56,1975,40000,10.6,6.85,1.92,3450,8.15,2854.605,7.96,0.2,0.87,0.67
1037,4623.22,3470.89,-1152.33,Negative,30.61,1993,31800,10.37,6.95,1.94,3978,8.29,2465.445,7.81,0.01,0.95,0.94
7,255.82,617.46,361.64,Positive,30.91,2009,33605,10.42,16.38,2.8,216,5.38,369.83,5.91,0.11,0,-0.11
768,4869.33,1922.22,-2947.11,Negative,30.93,1998,26500,10.18,13.42,2.6,1594,7.37,731.65,6.6,0.6,0.31,-0.29
767,5302.11,4678.73,-623.38,Negative,30.96,2000,37052,10.52,11.74,2.46,1681,7.43,855.81,6.75,0.53,0.41,-0.12
212,2006.2,1307.33,-698.87,Negative,30.78,2003,16048,9.68,17.18,2.84,519,6.25,158.38,5.06,0.54,0.15,-0.39
458,1274.41,760.21,-514.21,Negative,30.61,1995,120000,11.7,16.29,2.79,706,6.56,20.59,3.02,0.58,0.06,-0.52
31,3996.12,3912.32,-83.81,Stable,30.48,1985,50000,10.82,10.28,2.33,1381,7.23,403.04,6,0.25,0.81,0.56
1087,5723.14,3717.45,-2005.69,Negative,30.22,1963,23437,10.06,6.64,1.89,4127,8.33,2485.02,7.82,0.64,0.91,0.27
1115,4463.99,5172.05,708.05,Positive,30.2,1979,12252,9.41,9.26,2.23,1285,7.16,775.94,6.65,0.67,0.84,0.17
1165,3380.46,1612.67,-1767.79,Negative,30.19,1985,11252,9.33,11.55,2.45,534,6.28,211.13,5.35,0.5,0.71,0.21
902,3275.25,3010.81,-264.44,Negative,29.45,1993,185300,12.13,7.97,2.08,3045,8.02,4076.61,8.31,0.25,0.02,-0.23
1042,726.96,1110.99,384.03,Positive,29.58,1995,459161,13.04,9.47,2.25,1468,7.29,4508.935,8.41,0.28,0,-0.28
56,604.64,657.61,52.97,Stable,30.05,1995,22897,10.04,8.04,2.08,1160,7.06,4144.48,8.33,0.62,0.07,-0.55
1109,3719.9,2618.28,-1101.62,Negative,30.08,1982,14821,9.6,8.04,2.08,1283,7.16,319,5.77,0.9,0.83,-0.07
1043,4082.07,2976.36,-1105.71,Negative,29.56,1996,406917,12.92,7.24,1.98,5333,8.58,4163.22,8.33,0.82,0.26,-0.56
898,7121.94,6427.6,-694.35,Negative,30.14,1985,40964,10.62,8.82,2.18,1643,7.4,1237.76,7.12,0.29,0.95,0.66
592,656.48,393.12,-263.36,Negative,30.13,2001,37900,10.54,16.95,2.83,291,5.67,51.92,3.95,0.13,0.02,-0.11
899,7382.71,6692.13,-690.58,Negative,30.05,1981,68339,11.13,9.6,2.26,1117,7.02,1040.555,6.95,0.63,0.92,0.29
425,6612.85,6310.74,-302.1,Negative,30.02,1990,34550,10.45,8.66,2.16,1497,7.31,1094.83,7,0.64,0.93,0.29
901,8317.27,7798.08,-519.19,Negative,30.01,1982,66568,11.11,7.79,2.05,1681,7.43,977.78,6.89,0.22,0.94,0.72
1046,5303.94,2755.71,-2548.23,Negative,29.56,1993,36490,10.5,8.06,2.09,2623,7.87,2033.135,7.62,0.6,0.94,0.34
351,3685.62,1222.42,-2463.2,Negative,29.87,2002,18137,9.81,16.44,2.8,1232,7.12,529.91,6.27,0.5,0.34,-0.16
1044,266.63,138.7,-127.93,Stable,29.86,1996,37088,10.52,14.15,2.65,22,3.09,23.57,3.16,0.25,0.06,-0.19
1110,4900.53,4242.56,-657.97,Negative,29.63,1995,2771,7.93,7.19,1.97,1412,7.25,504.08,6.22,0.87,0.98,0.11
1085,5114.97,5634.93,519.95,Positive,28.68,1985,101400,11.53,2.35,0.85,3816,8.25,3950.07,8.28,0.11,0.23,0.12
1091,8069.12,5963.41,-2105.71,Negative,29.7,1986,23200,10.05,7.7,2.04,1298,7.17,788.32,6.67,0.56,0.89,0.33
1047,4348.85,2317.78,-2031.07,Negative,29.54,1981,30452,10.32,14.93,2.7,1362,7.22,344.76,5.84,0.39,0.53,0.14
1048,983.22,535.66,-447.56,Negative,29.2,1995,84300,11.34,6.73,1.91,1845,7.52,4234.47,8.35,0.76,0.31,-0.45
1049,1073.39,541.23,-532.16,Negative,29.2,1999,36025,10.49,5.88,1.77,3573,8.18,3911.95,8.27,0.61,0.43,-0.18
642,3270.24,1568.97,-1701.28,Negative,29.19,2001,40900,10.62,7.31,1.99,3526,8.17,2540.57,7.84,0.43,0.82,0.39
904,876.54,138.7,-737.84,Negative,29.31,1984,190300,12.16,12.68,2.54,127,4.84,27.62,3.32,0.29,0.09,-0.2
905,5547.4,3664.71,-1882.69,Negative,29.42,1981,20105,9.91,9.89,2.29,1166,7.06,485.1,6.18,0.81,0.89,0.08
240,938.99,635.33,-303.65,Negative,29.27,2003,41100,10.62,12.92,2.56,163,5.09,22.86,3.13,0.08,0.02,-0.06
59,2647.47,2318.02,-329.45,Negative,28.76,2000,23693,10.07,8.8,2.17,2421,7.79,3659.91,8.21,0.3,0.26,-0.04
907,1242.58,397.77,-844.82,Negative,29.18,1988,22400,10.02,12.02,2.49,71,4.26,16.12,2.78,0.1,0.05,-0.05
917,6272.44,4619.66,-1652.79,Negative,28.3,1984,281640,12.55,7.8,2.05,2982,8,3546.53,8.17,0.7,0.52,-0.18
725,3682.39,1782.43,-1899.97,Negative,28.8,2001,40800,10.62,11.11,2.41,2932,7.98,2312.435,7.75,0.56,0.7,0.14
471,4239.23,1822.91,-2416.32,Negative,28.95,1997,29650,10.3,8.03,2.08,2946,7.99,2595.23,7.86,0.71,0.96,0.25
911,7536.6,6624.74,-911.86,Negative,29.01,1979,41850,10.64,11.78,2.47,1665,7.42,1171.91,7.07,0.1,0.73,0.63
910,7732.24,6735.7,-996.54,Negative,29.13,1984,26990,10.2,12.2,2.5,1628,7.4,1130.215,7.03,0.17,0.58,0.41
465,395.57,769.01,373.44,Positive,28.96,1997,33300,10.41,10.59,2.36,12,2.48,14.78,2.69,0.05,0.09,0.04
920,9380.62,7799.49,-1581.13,Negative,27.23,1983,405200,12.91,3.34,1.21,3745,8.23,2959.94,7.99,0.55,0.78,0.23
1055,3431.58,1196.95,-2234.62,Negative,28.45,1996,146000,11.89,5.94,1.78,3191,8.07,4019.545,8.3,0.59,0.45,-0.14
330,2734.2,1126.98,-1607.23,Negative,28.65,2002,33700,10.43,11.54,2.45,2916,7.98,3082.8,8.03,0.86,0.71,-0.15
915,4596.55,2679.11,-1917.44,Negative,28.69,1978,50655,10.83,8.23,2.11,2694,7.9,2561.575,7.85,0.74,0.96,0.22
1052,6224.08,3948.87,-2275.21,Negative,28.89,1992,28000,10.24,10.11,2.31,1181,7.07,715.54,6.57,0.48,0.64,0.16
17,636.93,266.63,-370.3,Negative,28.9,1998,33818,10.43,18.1,2.9,115,4.74,57.87,4.06,0.08,0.01,-0.07
912,397.77,138.7,-259.07,Negative,28.9,1997,35680,10.48,14.56,2.68,71,4.26,32.005,3.47,0.05,0.09,0.04
1050,760.21,138.7,-621.51,Negative,28.89,1991,168000,12.03,14.67,2.69,80,4.38,29.26,3.38,0.17,0.05,-0.12
651,3226.41,1692.76,-1533.65,Negative,28.39,1997,120100,11.7,9.59,2.26,3339,8.11,2840.255,7.95,0.39,0.81,0.42
916,4596.17,1788.27,-2807.9,Negative,28.61,1978,30164,10.31,8.73,2.17,2522,7.83,2882.83,7.97,0.65,0.67,0.02
913,6584.72,4701.33,-1883.39,Negative,28.76,1987,31113,10.35,15.08,2.71,951,6.86,844.74,6.74,0.31,0.17,-0.14
914,6176.07,3146.23,-3029.84,Negative,28.82,1982,24800,10.12,7.12,1.96,1058,6.96,593.83,6.39,0.81,0.98,0.17
762,1124.5,783.57,-340.93,Negative,28.68,2001,43000,10.67,20.39,3.02,75,4.32,46.99,3.85,0.37,0,-0.37
60,2150.35,535.91,-1614.44,Negative,28.46,1996,28719,10.27,11.25,2.42,630,6.45,397.46,5.99,0.87,0.08,-0.79
760,5343.95,2695.41,-2648.54,Negative,28.62,1993,17170,9.75,12.29,2.51,735,6.6,559.39,6.33,0.72,0.62,-0.1
637,4410.1,2234.38,-2175.72,Negative,28.24,2001,38800,10.57,13.13,2.57,2565,7.85,1564.25,7.36,0.6,0.52,-0.08
359,6286.12,5238.72,-1047.4,Negative,28.26,1994,48700,10.79,13.6,2.61,1306,7.17,1011.39,6.92,0.27,0.44,0.17
1112,5301.1,4610.83,-690.27,Negative,28.04,1981,16007,9.68,8.57,2.15,1766,7.48,732.71,6.6,0.84,0.98,0.14
925,4758.21,1861.03,-2897.18,Negative,27.85,1982,14133,9.56,6.15,1.82,1878,7.54,3413.06,8.14,0.67,0.85,0.18
795,6459.23,5952.12,-507.11,Negative,28.18,1989,26231,10.17,12.17,2.5,1028,6.94,1180.39,7.07,0.06,0.66,0.6
780,3114.39,1025.12,-2089.26,Negative,28.24,2003,13900,9.54,11.84,2.47,560,6.33,327.19,5.79,0.79,0.52,-0.27
320,5314.82,4470.61,-844.21,Negative,28.05,2002,36522,10.51,14.28,2.66,1154,7.05,1067.89,6.97,0.12,0.38,0.26
924,4740.82,4626.97,-113.85,Stable,27.74,1979,56527,10.94,7.24,1.98,1873,7.54,915.08,6.82,0.88,0.97,0.09
321,4292.02,2116.31,-2175.7,Negative,27.7,2001,44128,10.69,13.62,2.61,2929,7.98,1978.49,7.59,0.13,0.28,0.15
923,9332.09,6835.89,-2496.2,Negative,27.9,1986,41960,10.64,8.77,2.17,2072,7.64,1029.55,6.94,0.06,0.74,0.68
611,3711.42,2455.34,-1256.08,Negative,27.7,1994,13867,9.54,8.83,2.18,869,6.77,436.37,6.08,0.92,0.88,-0.04
931,5434.45,1607.25,-3827.19,Negative,27.32,1985,21908,9.99,8.16,2.1,3270,8.09,3243.63,8.08,0.61,0.68,0.07
448,3319.3,1364.02,-1955.28,Negative,27.32,1984,20141,9.91,12.59,2.53,3350,8.12,1817.19,7.51,0.07,0.41,0.34
4,6128.52,2151.32,-3977.2,Negative,27.29,1980,30600,10.33,10.89,2.39,966,6.87,416.87,6.03,0.1,0.67,0.57
772,2572.73,874.39,-1698.34,Negative,27.26,2000,22000,10,11.2,2.42,837,6.73,223.7,5.41,0.8,0.4,-0.4
1163,4776.21,1813.25,-2962.96,Negative,27.23,1992,58300,10.97,9.02,2.2,1159,7.06,441.11,6.09,0.77,0.89,0.12
323,3212.86,1645.66,-1567.2,Negative,26.88,2003,16300,9.7,16.3,2.79,2183,7.69,1909.62,7.55,0.28,0.48,0.2
344,6110.12,2901.92,-3208.2,Negative,26.48,1998,75894,11.24,11.1,2.41,2191,7.69,2648.21,7.88,0.64,0.7,0.06
1114,4066.98,1525.7,-2541.28,Negative,26.68,1988,4278,8.36,14.37,2.67,1189,7.08,461.49,6.13,0.54,0.77,0.23
37,9395.39,4369.63,-5025.75,Negative,26.59,1982,21720,9.99,11.58,2.45,1277,7.15,669.78,6.51,0.08,0.64,0.56
770,4326.07,2304.17,-2021.9,Negative,26.36,1995,18061,9.8,8.26,2.11,596,6.39,568.71,6.34,0.77,0.83,0.06
938,4403.65,4462.96,59.31,Stable,26.05,1988,133150,11.8,14.3,2.66,1183,7.08,2094.155,7.65,0.09,0.21,0.12
937,8831.19,7079.32,-1751.87,Negative,26.42,1982,47300,10.76,7.36,2,1401,7.24,1311.15,7.18,0.64,0.98,0.34
939,9943.2,3985.64,-5957.56,Negative,26.41,1982,14553,9.59,9.17,2.22,1629,7.4,669.55,6.51,0.12,0.66,0.54
773,3041.17,1408.95,-1632.22,Negative,26.28,2001,16100,9.69,10.86,2.39,415,6.03,315.45,5.75,0.85,0.39,-0.46
946,6323.54,3507.69,-2815.85,Negative,25.78,1981,79700,11.29,16.75,2.82,1917,7.56,2391.505,7.78,0.49,0.35,-0.14
38,11244.08,6472.99,-4771.09,Negative,26.28,1982,28670,10.26,7.3,1.99,1581,7.37,975.95,6.88,0.43,0.96,0.53
1104,8482.75,7182.8,-1299.95,Negative,25.96,1982,10974,9.3,7.24,1.98,1470,7.29,981.17,6.89,0.67,0.95,0.28
577,3285.55,4252.67,967.12,Positive,25.8,2001,26610,10.19,18.89,2.94,371,5.92,2043.95,7.62,0.15,0.1,-0.05
1141,11520.43,6770.53,-4749.9,Negative,25.89,1976,17009,9.74,7.56,2.02,1654,7.41,1005.58,6.91,0.07,0.98,0.91
747,8117.11,4611.39,-3505.72,Negative,25.82,1997,17105,9.75,6.55,1.88,1557,7.35,835.82,6.73,0.27,0.88,0.61
1092,12457.63,5699.83,-6757.8,Negative,25.62,1961,15133,9.62,6.88,1.93,1521,7.33,797.78,6.68,0.62,0.98,0.36
947,13584.28,6863.2,-6721.08,Negative,25.6,1982,47362,10.77,6.85,1.92,1408,7.25,571.89,6.35,0.29,0.89,0.6
954,5102.25,3713.24,-1389,Negative,25.38,1985,22169,10.01,9.07,2.2,1298,7.17,1028,6.94,0.75,0.98,0.23
965,2295.82,1792.7,-503.12,Negative,24.39,1986,100744,11.52,7.34,1.99,1813,7.5,1240.115,7.12,0.62,0.9,0.28
952,13231.79,7265.09,-5966.7,Negative,25.29,1982,75900,11.24,6.93,1.94,1052,6.96,507.26,6.23,0.14,0.88,0.74
951,13469.47,7553.77,-5915.69,Negative,25.17,1982,90400,11.41,8.24,2.11,1453,7.28,648.355,6.47,0.1,0.66,0.56
1094,11640.74,6254.67,-5386.06,Negative,25.31,1982,20066,9.91,8.77,2.17,1437,7.27,622.63,6.43,0.42,0.62,0.2
953,10570.91,4306.09,-6264.83,Negative,25.34,1982,36480,10.5,9.19,2.22,1422,7.26,693.06,6.54,0.23,0.66,0.43
1057,4841.32,2538.6,-2302.72,Negative,25.19,1995,14365,9.57,8.5,2.14,1223,7.11,564.88,6.34,0.85,0.67,-0.18
955,10526.74,2783.1,-7743.64,Negative,25.25,1986,21285,9.97,7.52,2.02,646,6.47,753.53,6.62,0.16,0.19,0.03
959,10526.74,2783.1,-7743.64,Negative,25.12,1996,10829,9.29,7.52,2.02,646,6.47,753.53,6.62,0.16,0.19,0.03
956,12400.05,5890.72,-6509.33,Negative,25.14,1982,25213,10.14,9.5,2.25,1379,7.23,715.935,6.57,0.51,0.55,0.04
969,6680.46,3896.55,-2783.9,Negative,24.26,1988,67700,11.12,8.42,2.13,2431,7.8,2034.89,7.62,0.73,0.58,-0.15
1079,10495.3,2275.19,-8220.1,Negative,24.91,1982,42848,10.67,8.19,2.1,904,6.81,648.91,6.48,0.24,0.08,-0.16
962,9783.25,5942.3,-3840.95,Negative,24.97,1982,19833,9.9,8.1,2.09,1180,7.07,880.44,6.78,0.28,0.85,0.57
960,10535.75,6115.11,-4420.63,Negative,24.93,1984,58937,10.98,8.78,2.17,1650,7.41,858.09,6.75,0.29,0.71,0.42
355,7107.03,2404.77,-4702.26,Negative,24.96,1995,28000,10.24,12.62,2.54,374,5.92,160.39,5.08,0.62,0.37,-0.25
970,5207.12,4284.67,-922.45,Negative,24.46,1986,30938,10.34,11.57,2.45,1820,7.51,1763.61,7.48,0.62,0.54,-0.08
967,10686.19,3162.29,-7523.89,Negative,24.65,1982,20900,9.95,10.38,2.34,986,6.89,1064.75,6.97,0.22,0.28,0.06
964,12074.93,6759.09,-5315.84,Negative,24.78,1982,73090,11.2,8.13,2.1,901,6.8,432.41,6.07,0.12,0.63,0.51
963,10619.84,5490.29,-5129.55,Negative,24.88,1982,48000,10.78,9.01,2.2,1356,7.21,861.28,6.76,0.46,0.91,0.45
973,5105.8,2966.73,-2139.07,Negative,24.12,1986,15786,9.67,9.82,2.28,2302,7.74,2201.14,7.7,0.36,0.54,0.18
511,4994.3,2797.15,-2197.15,Negative,24.01,1999,182200,12.11,11.72,2.46,2103,7.65,1744.85,7.46,0.68,0.34,-0.34
971,8597.58,4156.84,-4440.75,Negative,24.57,1981,13412,9.5,8.32,2.12,998,6.91,587.55,6.38,0.51,0.9,0.39
575,3579.76,1647.85,-1931.91,Negative,23.95,1996,37000,10.52,8.36,2.12,1313,7.18,1281.99,7.16,0.39,0.38,-0.01
1143,9728.03,3551.65,-6176.37,Negative,24.47,1982,29800,10.3,5.92,1.78,1633,7.4,1101.73,7,0.29,0.26,-0.03
686,8712.96,2818.2,-5894.76,Negative,24.43,1987,21000,9.95,7.15,1.97,538,6.29,900.35,6.8,0.4,0.08,-0.32
1096,8987.07,6435.11,-2551.96,Negative,24.46,1998,33555,10.42,8.76,2.17,1460,7.29,400.13,5.99,0.47,0.59,0.12
724,4853.67,2582.05,-2271.62,Negative,24.25,1999,17827,9.79,11.35,2.43,547,6.3,266.3,5.58,0.74,0.2,-0.54
1162,12433.69,7121.91,-5311.78,Negative,24.08,1982,36000,10.49,9.46,2.25,1606,7.38,549.79,6.31,0.6,0.78,0.18
979,3842.33,2656.75,-1185.58,Negative,23.35,1980,50900,10.84,10.32,2.33,2232,7.71,1528.84,7.33,0.48,0.69,0.21
975,11955.56,3384.62,-8570.94,Negative,23.8,1982,81900,11.31,10.08,2.31,1323,7.19,656.93,6.49,0.17,0.13,-0.04
44,5739.5,2221.56,-3517.94,Negative,23.5,1989,22378,10.02,13.85,2.63,1915,7.56,1365.56,7.22,0.37,0.43,0.06
576,8050.85,2597.73,-5453.12,Negative,23.62,2000,15700,9.66,14.53,2.68,794,6.68,1074.36,6.98,0.41,0.07,-0.34
122,10456.88,3694.18,-6762.7,Negative,23.42,1982,27008,10.2,12.34,2.51,885,6.79,1067.15,6.97,0.31,0.07,-0.24
1161,11707.98,4092.13,-7615.84,Negative,23.4,1981,25600,10.15,12.85,2.55,1466,7.29,458.585,6.13,0.02,0.43,0.41
63,5752.5,3597.91,-2154.6,Negative,23.3,1998,20278,9.92,13.47,2.6,869,6.77,246.12,5.51,0.61,0.55,-0.06
985,9978.17,4314.78,-5663.39,Negative,22.8,1983,65100,11.08,7.54,2.02,2111,7.65,1529.15,7.33,0.45,0.68,0.23
443,7953.67,3291.22,-4662.45,Negative,22.93,1994,16200,9.69,12.53,2.53,2067,7.63,1566.09,7.36,0.61,0.54,-0.07
989,7919.8,2070.7,-5849.1,Negative,22.91,1982,60100,11,9.5,2.25,457,6.12,300.74,5.71,0.06,0.12,0.06
984,11826.33,2376.4,-9449.93,Negative,22.81,1986,43993,10.69,9.73,2.28,1227,7.11,486.58,6.19,0.25,0.13,-0.12
1060,7775.54,4096.76,-3678.78,Negative,22.75,1982,25800,10.16,11.45,2.44,444,6.1,292.58,5.68,0.46,0.02,-0.44
46,1478.82,1190.05,-288.77,Negative,22.71,1983,60000,11,27.17,3.3,604,6.4,116.63,4.76,0.98,0.31,-0.67
991,7270.22,5280.79,-1989.43,Negative,21.87,1958,247439,12.42,7.56,2.02,1357,7.21,969.34,6.88,0.8,0.69,-0.11
410,5288.8,3462.04,-1826.77,Negative,22.59,1980,25578,10.15,14.46,2.67,310,5.74,143.85,4.97,0.16,0,-0.16
1098,9941.08,3600.85,-6340.22,Negative,22.35,1978,10369,9.25,10.17,2.32,382,5.95,209.34,5.34,0.04,0.08,0.04
993,12808.26,5395.47,-7412.79,Negative,21.91,1982,174500,12.07,9.42,2.24,1287,7.16,343.24,5.84,0.21,0.73,0.52
112,4202.32,2489.57,-1712.75,Negative,21.87,2004,20000,9.9,23.56,3.16,356,5.87,33.32,3.51,0.28,0.07,-0.21
1097,3285.06,8494.42,5209.36,Positive,21.63,1986,35000,10.46,17.19,2.84,78,4.36,23.165,3.14,0.03,0.01,-0.02
470,3042.33,4143.32,1100.99,Positive,20.59,1983,46865,10.76,14.01,2.64,207,5.33,62.34,4.13,0.17,0,-0.17
136,2006.56,2517.67,511.11,Positive,19.92,1983,38400,10.56,17.44,2.86,141,4.95,39.5,3.68,0.26,0.01,-0.25
49,7296.48,4416.59,-2879.89,Negative,19.14,1980,29980,10.31,9.84,2.29,1329,7.19,391.82,5.97,0.57,0.4,-0.17
1000,7644.43,4857.5,-2786.93,Negative,18.74,1976,20170,9.91,8.59,2.15,1046,6.95,541.87,6.3,0.54,0.76,0.22
1100,7343.5,5083.55,-2259.94,Negative,18.67,1984,18389,9.82,11.85,2.47,962,6.87,156.31,5.05,0.1,0.19,0.09
182,904.08,266.63,-637.46,Negative,49.85,2006,26312,10.18,7.62,2.03,257,5.55,427.77,6.06,0.15,0,-0.15
183,904.08,266.63,-637.46,Negative,49.85,2006,46743,10.75,7.62,2.03,257,5.55,427.77,6.06,0.15,0,-0.15
193,266.63,138.7,-127.93,Stable,49.42,2008,21283,9.97,8.24,2.11,210,5.35,299.84,5.7,0.29,0,-0.29
194,266.63,138.7,-127.93,Stable,49.42,2011,21394,9.97,8.24,2.11,210,5.35,299.84,5.7,0.29,0,-0.29
206,568.41,571.62,3.21,Stable,48.28,2004,62567,11.04,10.49,2.35,407,6.01,383.53,5.95,0.78,0.35,-0.43
15,0,138.7,138.7,Positive,48.48,2007,22934,10.04,18.98,2.94,86,4.45,214.93,5.37,0.02,0,-0.02
181,0,138.7,138.7,Positive,48.48,2010,43438,10.68,18.98,2.94,86,4.45,214.93,5.37,0.02,0,-0.02
205,531.21,272.54,-258.67,Negative,47.72,2006,20730,9.94,16.61,2.81,640,6.46,342.76,5.84,0.71,0.37,-0.34
169,138.7,0,-138.7,Stable,47.33,2009,22200,10.01,20.14,3,228,5.43,155.21,5.04,0.07,0,-0.07
270,793.71,709.14,-84.57,Stable,43.25,2004,41858,10.64,13.79,2.62,794,6.68,1261.07,7.14,0,0,0
271,793.71,709.14,-84.57,Stable,43.25,2004,38307,10.55,13.79,2.62,794,6.68,1261.07,7.14,0,0,0
143,1089.13,1203.21,114.08,Positive,40.6,2001,19648,9.89,16.08,2.78,608,6.41,468.09,6.15,0.11,0.02,-0.09
144,1089.13,1203.21,114.08,Positive,40.6,2003,14038,9.55,16.08,2.78,608,6.41,468.09,6.15,0.11,0.02,-0.09
679,307.04,0,-307.04,Negative,40.12,2000,26210,10.17,5.54,1.71,109,4.69,1268.72,7.15,0,0,0
9,269.84,0,-269.84,Negative,28.84,2008,142982,11.87,4.66,1.54,1513,7.32,4819.745,8.48,0,0,0
128,9562.57,3521.19,-6041.39,Negative,24.5,1982,12458,9.43,12.09,2.49,1198,7.09,1140.03,7.04,0.28,0.1,-0.18
129,9562.57,3521.19,-6041.39,Negative,24.5,1982,32209,10.38,12.09,2.49,1198,7.09,1140.03,7.04,0.28,0.1,-0.18
